Open,High,Volume,Low,Close,Profit,id,MACD,CCI,OBV,RSI
8.337,8.337,0.0,8.337,8.337,0.0,13.0,0.07394994,139.01875,-310.0,100.0
8.223,8.223,0.0,8.223,8.223,1.0,14.0,0.08548735,96.65555,-310.0,75.89845
8.587,8.824,370.0,8.587,8.824,0.0,15.0,0.12712103,148.12761,60.0,88.16198
8.634,8.634,350.0,8.616,8.616,0.0,16.0,0.14504555,105.22151,-290.0,65.113754
8.404,8.457,1250.0,8.404,8.441,0.0,17.0,0.14652483,67.58636,-1540.0,61.077244
8.402,8.402,0.0,8.402,8.402,0.0,18.0,0.14343652,54.92698,-1540.0,0.0
8.344,8.344,0.0,8.344,8.344,1.0,19.0,0.13570516,39.07378,-1540.0,0.0
8.471,8.471,0.0,8.471,8.471,1.0,21.0,0.13945703,43.57233,-1540.0,58.435093
8.564,8.564,0.0,8.564,8.564,1.0,22.0,0.14101775,54.995224,-1540.0,74.774734
8.828,8.828,0.0,8.828,8.828,1.0,23.0,0.1574003,106.4896,-1540.0,76.11935
8.929,8.929,0.0,8.929,8.929,0.0,24.0,0.17465937,113.93231,-1540.0,100.0
9.057,9.057,0.0,9.057,9.057,0.0,27.0,0.2104398,97.59585,-1540.0,75.39699
8.93,8.93,0.0,8.93,8.93,1.0,28.0,0.2061091,59.030437,-1540.0,53.977264
9.012,9.012,0.0,9.012,9.012,1.0,29.0,0.2057468,72.02796,-1540.0,33.606537
8.986,8.986,0.0,8.986,8.986,0.0,31.0,0.20133945,45.81469,-1540.0,59.39592
8.816,8.816,0.0,8.816,8.816,1.0,33.0,0.16044436,-14.760238,-1540.0,11.4058695
9.042,9.042,0.0,9.042,9.042,0.0,34.0,0.16065717,52.015152,-1540.0,55.809097
8.928,8.928,0.0,8.928,8.928,0.0,36.0,0.14217117,-16.340351,-1540.0,66.470695
8.927,8.927,0.0,8.927,8.927,0.0,37.0,0.13277434,-22.918066,-1540.0,0.0
8.797,8.797,0.0,8.797,8.797,0.0,38.0,0.11461592,-96.68359,-1540.0,0.0
8.412,8.412,0.0,8.412,8.412,1.0,39.0,0.071706906,-187.51842,-1540.0,0.0
8.478,8.629,150.0,8.478,8.629,0.0,40.0,0.052906804,-104.1572,-1390.0,29.644796
8.743,8.743,0.0,8.743,8.743,1.0,43.0,0.022686105,-20.570824,-1390.0,69.12755
8.779,8.779,0.0,8.779,8.779,1.0,44.0,0.023939647,-0.9875558,-1390.0,100.0
8.8,8.8,0.0,8.8,8.8,1.0,45.0,0.026135677,12.242032,-1390.0,100.0
8.844,8.844,0.0,8.844,8.844,1.0,46.0,0.030703625,27.137844,-1390.0,100.0
8.907,8.907,0.0,8.907,8.907,1.0,47.0,0.038442742,47.940586,-1390.0,100.0
9.144,9.144,0.0,9.144,9.144,1.0,48.0,0.061180897,125.24654,-1390.0,100.0
9.297,9.297,0.0,9.297,9.297,1.0,49.0,0.08923845,139.64502,-1390.0,100.0
9.328,9.328,0.0,9.328,9.328,1.0,50.0,0.11223416,120.94739,-1390.0,100.0
9.337,9.337,0.0,9.337,9.337,1.0,51.0,0.12940782,104.0078,-1390.0,100.0
9.587,9.587,0.0,9.587,9.587,0.0,53.0,0.1870416,100.714645,-1390.0,76.81153
9.579,9.579,0.0,9.579,9.579,0.0,54.0,0.19931194,85.50776,-1390.0,75.103775
9.544,9.544,0.0,9.544,9.544,1.0,55.0,0.2038516,70.08108,-1390.0,0.0
9.577,9.577,0.0,9.577,9.577,0.0,57.0,0.20629618,58.881718,-1390.0,48.528835
9.223,9.223,0.0,9.223,9.223,0.0,58.0,0.17818582,-20.713062,-1390.0,8.527128
9.202,9.202,0.0,9.202,9.202,0.0,59.0,0.15257068,-36.177204,-1390.0,5.063172
9.166,9.166,0.0,9.166,9.166,0.0,60.0,0.12811199,-59.121326,-1390.0,0.0
8.975,8.975,0.0,8.975,8.975,1.0,61.0,0.093477115,-121.96117,-1390.0,0.0
9.047,9.047,0.0,9.047,9.047,1.0,62.0,0.07065188,-93.774445,-1390.0,24.080212
9.221,9.221,0.0,9.221,9.221,0.0,63.0,0.06479641,-40.481674,-1390.0,56.292843
9.182,9.182,0.0,9.182,9.182,0.0,64.0,0.05657446,-47.783382,-1390.0,86.315895
9.175,9.175,0.0,9.175,9.175,1.0,65.0,0.04896307,-45.577766,-1390.0,79.09106
9.307,9.307,0.0,9.307,9.307,0.0,66.0,0.052143537,-0.9751938,-1390.0,74.15749
9.325,9.325,0.0,9.325,9.325,1.0,68.0,0.048909906,22.568373,-1390.0,68.56434
9.489,9.489,0.0,9.489,9.489,0.0,69.0,0.06370909,86.451546,-1390.0,70.87158
9.474,9.474,0.0,9.474,9.474,1.0,70.0,0.07334101,87.79354,-1390.0,95.37027
9.5,9.5,0.0,9.5,9.5,1.0,71.0,0.081851274,107.01077,-1390.0,92.68279
10.394,10.394,0.0,10.394,10.394,0.0,74.0,0.21882853,141.85413,-1390.0,100.0
10.383,10.383,0.0,10.383,10.383,1.0,75.0,0.25299054,114.502785,-1390.0,98.09694
10.403,10.403,0.0,10.403,10.403,1.0,76.0,0.27794483,98.70771,-1390.0,88.29808
10.507,10.507,0.0,10.507,10.507,1.0,77.0,0.30161744,94.5447,-1390.0,91.85204
11.271,11.271,0.0,11.271,11.271,0.0,78.0,0.37266776,141.98528,-1390.0,100.0
10.921,10.921,0.0,10.921,10.921,0.0,79.0,0.39758018,90.374146,-1390.0,71.26434
10.876,10.876,0.0,10.876,10.876,0.0,80.0,0.40876138,74.310776,-1390.0,65.91892
10.735,10.735,0.0,10.735,10.735,0.0,81.0,0.40203434,52.45822,-1390.0,0.0
10.417,10.417,0.0,10.417,10.417,0.0,82.0,0.36839145,11.068319,-1390.0,0.0
10.309,10.309,0.0,10.309,10.309,1.0,83.0,0.3297002,-9.536886,-1390.0,0.0
10.395,10.395,0.0,10.395,10.395,1.0,84.0,0.30186775,-8.023981,-1390.0,16.796959
10.521,10.521,0.0,10.521,10.521,1.0,85.0,0.28578278,0.05545088,-1390.0,66.25003
10.659,10.659,0.0,10.659,10.659,1.0,86.0,0.27992696,18.75515,-1390.0,100.0
10.988,10.988,0.0,10.988,10.988,1.0,87.0,0.29620138,82.91269,-1390.0,100.0
11.004,11.004,0.0,11.004,11.004,1.0,88.0,0.30640557,74.52522,-1390.0,100.0
11.005,11.005,0.0,11.005,11.005,1.0,89.0,0.3106518,64.7766,-1390.0,100.0
11.118,11.127,0.0,11.118,11.127,0.0,90.0,0.3191382,78.75281,-1390.0,100.0
11.056,11.056,0.0,11.056,11.056,1.0,91.0,0.31657624,55.249443,-1390.0,63.402058
11.192,11.192,0.0,11.192,11.192,0.0,92.0,0.32072398,89.108665,-1390.0,78.41946
10.964,10.964,0.0,10.964,10.964,0.0,94.0,0.29556692,30.798689,-1390.0,37.362682
10.961,10.961,0.0,10.961,10.961,1.0,95.0,0.2758437,26.563051,-1390.0,0.0
11.083,11.083,0.0,11.083,11.083,0.0,96.0,0.26610115,45.455616,-1390.0,40.939594
10.899,10.899,0.0,10.899,10.899,1.0,97.0,0.24165834,-8.062606,-1390.0,39.482235
11.051,11.051,0.0,11.051,11.051,0.0,98.0,0.2308777,27.902027,-1390.0,59.825256
11.01,11.01,0.0,11.01,11.01,0.0,99.0,0.21661694,0.26114646,-1390.0,40.31828
10.86,10.86,3000.0,10.476,10.476,0.0,101.0,0.14568514,-187.8992,-4390.0,0.0
10.102,10.102,0.0,10.102,10.102,1.0,102.0,0.07637682,-199.77899,-4390.0,0.0
10.106,10.16,75.0,10.106,10.16,0.0,103.0,0.025765197,-140.08194,-4315.0,6.5462337
10.031,10.031,0.0,10.031,10.031,1.0,104.0,-0.023475617,-125.6379,-4315.0,10.338632
10.125,10.125,0.0,10.125,10.125,1.0,105.0,-0.054578327,-92.605415,-4315.0,54.092495
10.15,10.15,0.0,10.15,10.15,1.0,106.0,-0.076273,-76.68,-4315.0,47.983818
10.289,10.289,0.0,10.289,10.289,0.0,107.0,-0.08195947,-47.88,-4315.0,100.0
10.261,10.261,0.0,10.261,10.261,1.0,108.0,-0.08744487,-44.97393,-4315.0,85.41669
10.487,10.487,0.0,10.487,10.487,1.0,109.0,-0.07395139,-4.0722,-4315.0,92.87536
10.486,10.537,0.0,10.486,10.537,0.0,110.0,-0.058845192,8.740157,-4315.0,90.78951
10.303,10.303,0.0,10.303,10.303,0.0,111.0,-0.06363965,-23.934696,-4315.0,54.11773
10.168,10.168,0.0,10.168,10.168,0.0,113.0,-0.090592295,-34.70811,-4315.0,16.0221
10.055,10.055,0.0,10.055,10.055,0.0,114.0,-0.103746325,-66.18253,-4315.0,20.616093
9.909,9.909,0.0,9.909,9.909,1.0,115.0,-0.12349014,-109.213776,-4315.0,25.144499
9.978,9.978,0.0,9.978,9.978,1.0,116.0,-0.13224505,-75.195946,-4315.0,21.036427
10.126,10.126,0.0,10.126,10.126,1.0,117.0,-0.12650414,-19.228064,-4315.0,59.77963
10.455,10.455,0.0,10.455,10.455,1.0,118.0,-0.096184015,88.144966,-4315.0,100.0
10.681,10.681,0.0,10.681,10.681,1.0,119.0,-0.05470876,129.27145,-4315.0,100.0
10.766,10.766,0.0,10.766,10.766,0.0,120.0,-0.0154718915,121.44327,-4315.0,100.0
10.713,10.713,0.0,10.713,10.713,1.0,121.0,0.011349279,91.91287,-4315.0,85.439674
11.047,11.047,0.0,11.047,11.047,1.0,122.0,0.056752495,130.22401,-4315.0,88.77127
11.235,11.235,0.0,11.235,11.235,1.0,124.0,0.13667148,111.413124,-4315.0,100.0
11.353,11.353,20.0,11.236,11.236,0.0,125.0,0.1646729,97.69079,-4295.0,100.0
11.147,11.147,0.0,11.147,11.147,1.0,127.0,0.18063979,61.9941,-4295.0,34.17277
11.184,11.184,0.0,11.184,11.184,1.0,128.0,0.18870689,58.345592,-4295.0,41.719715
11.571,11.571,0.0,11.571,11.571,0.0,130.0,0.23332343,100.11102,-4295.0,100.0
11.124,11.22,160.0,11.124,11.22,0.0,131.0,0.22462928,27.928347,-4455.0,52.43904
11.011,11.011,0.0,11.011,11.011,0.0,132.0,0.19966294,-23.632437,-4455.0,24.93295
10.856,10.856,0.0,10.856,10.856,1.0,133.0,0.16632423,-73.57904,-4455.0,0.0
11.052,11.052,0.0,11.052,11.052,1.0,134.0,0.15279792,-25.559792,-4455.0,34.999992
11.165,11.165,0.0,11.165,11.165,1.0,135.0,0.14873213,-0.10996732,-4455.0,66.594864
11.215,11.215,0.0,11.215,11.215,1.0,136.0,0.14742878,14.769383,-4455.0,100.0
11.859,11.859,0.0,11.859,11.859,1.0,138.0,0.1958685,165.41418,-4455.0,100.0
11.812,11.812,0.0,11.812,11.812,1.0,140.0,0.24410751,96.801254,-4455.0,87.47972
11.991,11.991,0.0,11.991,11.991,1.0,141.0,0.26704276,108.31568,-4455.0,73.07697
12.105,12.105,0.0,12.105,12.105,1.0,142.0,0.2900286,105.64619,-4455.0,79.18922
12.63,12.63,0.0,12.63,12.63,1.0,143.0,0.34312168,140.84157,-4455.0,100.0
12.981,12.981,25.0,12.7,12.7,0.0,144.0,0.38539872,126.37889,-4430.0,100.0
12.676,12.676,0.0,12.676,12.676,0.0,145.0,0.41179407,95.084274,-4430.0,96.12276
12.676,12.676,0.0,12.341,12.341,1.0,146.0,0.4025353,62.853855,-4430.0,16.31695
12.756,12.756,0.0,12.756,12.756,0.0,147.0,0.4210194,83.4779,-4430.0,53.617554
12.756,12.756,0.0,12.734,12.734,0.0,148.0,0.42860222,72.57013,-4430.0,53.756516
12.6,12.6,0.0,12.6,12.6,0.0,149.0,0.41933474,49.366405,-4430.0,72.67961
12.64,12.64,200.0,12.4,12.4,0.0,150.0,0.39219007,27.104805,-4630.0,0.0
12.332,12.332,0.0,12.332,12.332,0.0,151.0,0.36121053,-6.1516457,-4630.0,0.0
11.992,11.992,0.0,11.992,11.992,0.0,152.0,0.30754086,-72.79008,-4630.0,0.0
11.871,11.871,0.0,11.871,11.871,1.0,153.0,0.25304064,-95.012115,-4630.0,0.0
11.968,11.968,0.0,11.968,11.968,0.0,154.0,0.21466306,-82.789986,-4630.0,17.383547
11.712,11.712,0.0,11.712,11.712,1.0,155.0,0.16324097,-118.40369,-4630.0,20.46416
11.678,12.096,500.0,11.678,12.096,0.0,156.0,0.14955857,-70.195,-4130.0,65.264534
11.775,11.775,0.0,11.775,11.775,0.0,157.0,0.11336205,-86.75544,-4130.0,39.95834
11.618,11.618,0.0,11.618,11.618,1.0,158.0,0.07219544,-96.50721,-4130.0,44.54757
12.139,12.139,0.0,12.139,12.139,0.0,159.0,0.07773403,-5.5242896,-4130.0,52.152164
12.115,12.115,0.0,12.115,12.115,0.0,160.0,0.079316564,-5.6277447,-4130.0,74.216545
12.05,12.05,0.0,12.05,12.05,1.0,161.0,0.07477234,-9.25458,-4130.0,85.40987
12.084,12.084,0.0,12.084,12.084,1.0,162.0,0.07282528,8.267241,-4130.0,27.642006
12.3,12.3,10.0,12.3,12.3,0.0,163.0,0.08636406,74.943665,-4120.0,79.36519
12.274,12.274,0.0,12.274,12.274,1.0,164.0,0.09392053,79.96086,-4120.0,90.579704
12.323,12.323,0.0,12.323,12.323,0.0,165.0,0.102265455,95.63083,-4120.0,91.06529
12.262,12.262,0.0,12.262,12.262,0.0,166.0,0.1029984,67.80851,-4120.0,36.02934
11.95,11.95,0.0,11.95,11.95,1.0,167.0,0.079261295,-26.219315,-4120.0,11.611325
11.991,11.991,0.0,11.991,11.991,0.0,168.0,0.06283507,-14.472343,-4120.0,9.903458
11.842,11.842,0.0,11.842,11.842,0.0,169.0,0.038271446,-65.58056,-4120.0,8.167391
11.809,11.809,0.0,11.809,11.809,1.0,170.0,0.016241657,-69.878136,-4120.0,18.38577
11.839,11.9,850.0,11.839,11.9,0.0,171.0,0.005612382,-52.531487,-3270.0,33.333218
11.712,11.712,0.0,11.712,11.712,0.0,172.0,-0.016614223,-115.24362,-3270.0,29.166603
11.611,11.611,0.0,11.611,11.611,0.0,173.0,-0.041170742,-118.42533,-3270.0,23.947317
11.43,11.43,0.0,11.43,11.43,1.0,174.0,-0.07314646,-130.79553,-3270.0,0.0
11.434,11.434,0.0,11.434,11.434,1.0,175.0,-0.0968427,-106.232735,-3270.0,1.3985034
11.703,11.703,0.0,11.703,11.703,1.0,176.0,-0.09423279,-41.50279,-3270.0,60.13217
11.71,11.71,0.0,11.71,11.71,1.0,177.0,-0.09052437,-33.002636,-3270.0,100.0
11.883,11.883,0.0,11.883,11.883,1.0,178.0,-0.073747955,15.011481,-3270.0,100.0
12.24,12.24,0.0,12.24,12.24,0.0,179.0,-0.033417467,112.74103,-3270.0,100.0
12.031,12.031,0.0,12.031,12.031,1.0,180.0,-0.017044257,68.17737,-3270.0,71.71857
12.211,12.211,0.0,12.211,12.211,0.0,181.0,0.009203758,105.385574,-3270.0,71.98394
12.106,12.106,0.0,12.106,12.106,1.0,182.0,0.02176967,72.51723,-3270.0,36.437275
12.623,12.623,0.0,12.623,12.623,1.0,183.0,0.069462284,148.3407,-3270.0,86.907684
12.674,12.674,0.0,12.674,12.674,0.0,184.0,0.109500356,123.80644,-3270.0,84.39815
12.592,12.592,0.0,12.592,12.592,1.0,185.0,0.13326539,92.82855,-3270.0,87.38464
13.14,13.14,0.0,13.14,13.14,0.0,187.0,0.22919714,114.553116,-3070.0,86.98416
12.535,12.535,0.0,12.535,12.535,1.0,188.0,0.21548773,33.853752,-3070.0,47.528183
12.722,12.722,0.0,12.722,12.722,1.0,189.0,0.21597257,51.508812,-3070.0,29.404951
13.051,13.051,0.0,13.051,13.051,1.0,191.0,0.23782505,85.286934,-3070.0,100.0
13.04,13.156,600.0,13.04,13.156,1.0,192.0,0.2571271,86.31463,-2470.0,100.0
13.37,13.37,0.0,13.37,13.37,1.0,193.0,0.28479147,108.33735,-2470.0,100.0
13.525,13.55,200.0,13.52,13.52,0.0,194.0,0.31389892,115.89664,-2270.0,100.0
13.315,13.315,0.0,13.315,13.315,1.0,195.0,0.31755605,71.53708,-2270.0,63.9718
13.561,13.775,310.0,13.561,13.775,0.0,196.0,0.35046387,123.9501,-1960.0,74.846565
13.202,13.202,0.0,13.202,13.202,1.0,197.0,0.32945406,27.639397,-1960.0,37.15668
13.216,13.216,0.0,13.216,13.216,0.0,198.0,0.3100778,24.055878,-1960.0,45.272205
13.016,13.016,0.0,13.016,13.016,1.0,199.0,0.27640852,-22.935234,-1960.0,1.7789001
13.311,13.311,0.0,13.311,13.311,0.0,200.0,0.26858097,35.410572,-1960.0,60.707294
13.28,13.28,70.0,13.28,13.28,0.0,201.0,0.25689268,26.504599,-2030.0,56.083664
13.008,13.008,0.0,13.008,13.008,1.0,202.0,0.22454593,-45.4197,-2030.0,49.33115
12.888,13.158,380.0,12.888,13.158,0.0,203.0,0.20767847,-41.694977,-1650.0,33.112564
12.79,12.79,0.0,12.79,12.79,0.0,204.0,0.16481638,-120.86741,-1650.0,18.987318
12.526,12.526,0.0,12.526,12.526,0.0,205.0,0.109926,-146.6429,-1650.0,19.181547
12.436,12.436,35.0,12.226,12.226,0.0,206.0,0.043689158,-144.85669,-1685.0,0.0
12.03,12.03,0.0,12.03,12.03,1.0,207.0,-0.022885242,-141.27591,-1685.0,0.0
12.102,12.337,65.0,12.102,12.337,0.0,208.0,-0.05175841,-92.42969,-1620.0,38.23163
12.146,12.146,0.0,12.146,12.146,1.0,209.0,-0.08770264,-91.09099,-1620.0,44.23632
12.146,12.146,0.0,12.146,12.146,0.0,210.0,-0.11460443,-81.77893,-1620.0,61.6466
12.088,12.088,0.0,12.088,12.088,0.0,211.0,-0.13841897,-77.34863,-1620.0,0.0
11.672,11.672,0.0,11.672,11.672,1.0,212.0,-0.18597408,-110.71449,-1620.0,0.0
11.909,11.909,0.0,11.909,11.909,1.0,213.0,-0.20320342,-69.7238,-1620.0,33.333378
11.916,11.916,0.0,11.916,11.916,1.0,214.0,-0.21359791,-61.114918,-1620.0,36.96972
12.026,12.026,0.0,12.026,12.026,1.0,215.0,-0.21093768,-39.70008,-1620.0,100.0
12.068,12.068,0.0,12.068,12.068,1.0,216.0,-0.2031691,-25.737547,-1620.0,100.0
12.321,12.321,0.0,12.321,12.321,1.0,217.0,-0.17593794,39.62289,-1620.0,100.0
12.338,12.338,0.0,12.338,12.338,0.0,218.0,-0.15131873,65.674736,-1620.0,100.0
12.305,12.305,0.0,12.305,12.305,0.0,219.0,-0.13272816,68.20252,-1620.0,89.10893
12.055,12.055,0.0,12.055,12.055,0.0,220.0,-0.13508408,-13.122092,-1620.0,5.666729
12.045,12.045,0.0,12.045,12.045,0.0,221.0,-0.13599397,-17.152357,-1620.0,0.0
11.967,11.967,0.0,11.967,11.967,0.0,222.0,-0.14078853,-38.632572,-1620.0,0.0
11.619,11.619,0.0,11.619,11.619,0.0,223.0,-0.16848654,-128.46237,-1620.0,0.0
11.402,11.402,0.0,11.402,11.402,0.0,224.0,-0.20399933,-142.73615,-1620.0,0.0
11.38,11.38,0.0,11.38,11.38,1.0,225.0,-0.23075853,-117.6517,-1620.0,0.0
11.345,11.662,400.0,11.345,11.662,1.0,226.0,-0.22792485,-76.03912,-1220.0,54.12661
11.778,12.01,170.0,11.778,12.01,0.0,227.0,-0.19721523,1.8767673,-1050.0,96.625725
11.691,11.691,0.0,11.691,11.691,1.0,228.0,-0.19443864,-44.21547,-1050.0,66.38566
11.661,11.845,600.0,11.661,11.845,0.0,229.0,-0.17851174,-21.785112,-450.0,61.144966
11.704,11.704,0.0,11.704,11.704,0.0,230.0,-0.17432849,-32.82864,-450.0,25.081467
11.704,11.704,0.0,11.61,11.61,0.0,231.0,-0.17586802,-38.504868,-450.0,39.58867
11.193,11.193,0.0,11.193,11.193,1.0,232.0,-0.20569578,-118.380295,-450.0,0.0
11.407,11.407,144.0,11.225,11.225,1.0,233.0,-0.22402078,-89.93447,-306.0,5.893273
11.229,11.229,0.0,11.229,11.229,1.0,234.0,-0.23523356,-90.146484,-306.0,7.9470744
11.415,11.415,0.0,11.415,11.415,1.0,235.0,-0.22733171,-38.185165,-306.0,100.0
11.663,11.663,0.0,11.663,11.663,0.0,236.0,-0.20006864,38.429214,-306.0,100.0
11.607,11.607,0.0,11.607,11.607,0.0,237.0,-0.18051837,21.853474,-306.0,88.57147
11.489,11.489,0.0,11.489,11.489,1.0,238.0,-0.17179133,-15.813499,-306.0,58.767815
11.511,11.511,0.0,11.511,11.511,1.0,239.0,-0.16125873,-12.212288,-306.0,11.224212
12.018,12.018,0.0,12.018,12.018,1.0,241.0,-0.09411628,131.98495,-306.0,100.0
12.072,12.072,0.0,12.072,12.072,1.0,242.0,-0.05451788,120.79918,-306.0,100.0
12.219,12.219,0.0,12.219,12.219,0.0,243.0,-0.012165653,127.865875,-306.0,100.0
12.194,12.194,0.0,12.194,12.194,0.0,244.0,0.019107532,103.22036,-306.0,88.93822
11.961,11.961,0.0,11.961,11.961,1.0,245.0,0.026011195,52.503094,-306.0,36.2964
12.099,12.099,0.0,12.099,12.099,0.0,246.0,0.04125603,68.89645,-306.0,34.84846
11.957,11.957,0.0,11.957,11.957,1.0,247.0,0.04212961,34.138893,-306.0,26.900518
12.115,12.115,0.0,12.115,12.115,1.0,248.0,0.053958833,60.62164,-306.0,67.57984
12.599,12.599,0.0,12.599,12.599,1.0,249.0,0.09824487,138.63812,-306.0,81.88774
12.649,12.649,0.0,12.649,12.649,0.0,250.0,0.135203,119.113976,-306.0,100.0
12.407,12.407,0.0,12.407,12.407,0.0,251.0,0.14443864,64.20991,-306.0,68.8144
12.3,12.3,0.0,12.3,12.3,0.0,252.0,0.14194903,36.87491,-306.0,12.531371
12.192,12.192,0.0,12.192,12.192,1.0,254.0,0.1228326,-7.6293273,-306.0,0.0
12.362,12.362,0.0,12.362,12.362,0.0,255.0,0.12479383,38.530857,-306.0,61.151134
12.34,12.34,0.0,12.34,12.34,0.0,256.0,0.123160005,25.973547,-306.0,68.27323
12.106,12.106,0.0,12.106,12.106,1.0,257.0,0.10309231,-46.677822,-306.0,39.906067
12.532,12.532,0.0,12.532,12.532,0.0,258.0,0.117659986,77.247406,-306.0,62.463276
12.395,12.395,0.0,12.395,12.395,0.0,260.0,0.11824797,21.588781,-306.0,75.666176
12.39,12.39,0.0,12.39,12.39,0.0,261.0,0.114584066,11.207973,-306.0,0.0
12.284,12.284,0.0,12.284,12.284,0.0,262.0,0.102493905,-40.21924,-306.0,0.0
12.24,12.24,0.0,12.24,12.24,1.0,263.0,0.08857144,-52.22512,-306.0,0.0
12.334,12.334,0.0,12.334,12.334,0.0,264.0,0.08358475,4.680056,-306.0,38.524464
11.895,11.895,0.0,11.895,11.895,0.0,265.0,0.04625567,-169.10074,-306.0,16.291147
11.513,11.513,0.0,11.513,11.513,0.0,266.0,-0.011582181,-185.27232,-306.0,10.27321
10.762,10.762,800.0,10.465,10.465,1.0,267.0,-0.1338549,-200.24174,-1106.0,0.0
10.57,10.57,96.0,10.567,10.567,0.0,268.0,-0.21985973,-144.50945,-1010.0,6.6579766
10.402,10.402,0.0,10.402,10.402,1.0,269.0,-0.29628983,-125.335464,-1010.0,7.7566743
10.527,10.527,100.0,10.51,10.51,0.0,270.0,-0.3441657,-96.42019,-910.0,56.00001
10.159,10.159,0.0,10.159,10.159,1.0,272.0,-0.4297935,-91.200966,-910.0,23.529387
10.626,10.626,0.0,10.626,10.626,1.0,273.0,-0.42526895,-49.912933,-910.0,57.090477
10.815,10.815,0.0,10.815,10.815,1.0,274.0,-0.4025558,-29.357107,-910.0,72.24668
10.953,10.953,0.0,10.953,10.953,0.0,275.0,-0.36972916,-11.680342,-910.0,100.0
10.944,10.944,0.0,10.944,10.944,1.0,276.0,-0.34028897,-4.8423567,-910.0,97.32148
11.049,11.049,0.0,11.049,11.049,0.0,277.0,-0.30542892,14.9703045,-910.0,96.42864
10.489,10.489,0.0,10.489,10.489,0.0,278.0,-0.3158864,-41.30021,-910.0,15.578594
10.297,10.367,600.0,10.297,10.367,1.0,279.0,-0.3291486,-61.310677,-1510.0,13.341751
10.356,10.687,965.0,10.356,10.687,1.0,280.0,-0.31179082,-6.385741,-545.0,31.936167
10.917,10.917,0.0,10.917,10.917,0.0,281.0,-0.27745646,72.12126,-545.0,81.84516
10.912,10.912,0.0,10.912,10.912,1.0,282.0,-0.24768288,62.50238,-545.0,99.099075
11.113,11.148,400.0,11.113,11.148,0.0,283.0,-0.20402919,97.333145,-145.0,98.9384
11.13,11.13,0.0,11.13,11.13,1.0,284.0,-0.16886453,81.8616,-145.0,91.119774
11.198,11.198,0.0,11.198,11.198,1.0,285.0,-0.13439035,82.89111,-145.0,94.41004
11.249,11.249,0.0,11.249,11.249,1.0,286.0,-0.10213336,88.062515,-145.0,86.86149
11.466,11.466,0.0,11.466,11.466,0.0,287.0,-0.059740897,113.55772,-145.0,100.0
11.433,11.433,0.0,11.433,11.433,0.0,288.0,-0.028441641,89.89694,-145.0,89.03654
10.998,10.998,0.0,10.998,10.998,0.0,289.0,-0.035849363,1.8707947,-145.0,31.678858
10.943,10.943,0.0,10.943,10.943,0.0,290.0,-0.045236327,-9.166848,-145.0,0.0
10.695,10.695,0.0,10.695,10.695,0.0,291.0,-0.07030082,-52.584152,-145.0,0.0
10.465,10.465,0.0,10.465,10.465,0.0,292.0,-0.1059319,-96.57519,-145.0,0.0
10.008,10.008,0.0,10.008,10.008,1.0,293.0,-0.16611323,-156.17256,-145.0,0.0
10.079,10.079,0.0,10.079,10.079,0.0,295.0,-0.23303486,-102.08247,-145.0,15.53571
10.076,10.076,0.0,10.076,10.076,0.0,296.0,-0.25260705,-87.56348,-145.0,82.07541
9.97,9.97,0.0,9.97,9.97,1.0,297.0,-0.2725619,-85.51755,-145.0,0.0
10.471,10.471,0.0,10.471,10.471,0.0,299.0,-0.22639434,-16.010557,-136.0,82.537056
10.419,10.419,0.0,10.419,10.419,1.0,300.0,-0.20979293,-16.072159,-136.0,90.596725
10.664,11.038,15.0,10.664,11.038,0.0,301.0,-0.14857648,61.677277,-121.0,92.45283
10.747,10.747,0.0,10.747,10.747,0.0,302.0,-0.120582476,53.743984,-121.0,64.3451
10.672,10.672,750.0,10.635,10.635,1.0,303.0,-0.10557686,43.650784,-871.0,60.56754
10.636,10.636,0.0,10.636,10.636,1.0,304.0,-0.092522345,49.80224,-871.0,0.2473892
10.537,10.723,1000.0,10.537,10.723,0.0,305.0,-0.074796565,56.14765,129.0,43.999924
10.582,10.582,0.0,10.582,10.582,1.0,306.0,-0.07048945,36.735847,129.0,38.427807
10.629,10.629,0.0,10.629,10.629,0.0,307.0,-0.062798195,39.640347,129.0,48.727276
10.415,10.415,0.0,10.415,10.415,0.0,308.0,-0.07184101,-15.495045,129.0,11.691541
10.394,10.394,0.0,10.394,10.394,0.0,309.0,-0.079547055,-28.569586,129.0,16.666666
10.2,10.2,0.0,10.2,10.2,1.0,310.0,-0.098893054,-87.83269,129.0,0.0
10.229,10.823,1000.0,10.229,10.823,1.0,311.0,-0.06672985,25.664934,1129.0,74.343666
10.704,10.927,25.0,10.704,10.927,0.0,312.0,-0.033190742,93.23041,1154.0,78.93592
10.765,10.765,0.0,10.765,10.765,1.0,313.0,-0.018636389,54.60876,1154.0,81.77731
10.875,10.875,0.0,10.875,10.875,0.0,314.0,0.0010460386,79.43074,1154.0,56.91491
10.502,10.502,0.0,10.502,10.502,0.0,315.0,-0.01118945,-38.798126,1154.0,17.054224
10.282,10.282,0.0,10.282,10.282,1.0,316.0,-0.036822762,-98.50732,1154.0,15.647176
10.442,10.442,0.0,10.442,10.442,1.0,317.0,-0.044508666,-39.632366,1154.0,21.248411
10.6,10.6,50.0,10.6,10.6,0.0,318.0,-0.038276356,13.686559,1204.0,59.107838
10.21,10.361,186.0,10.21,10.361,0.0,320.0,-0.061103456,-63.952137,1390.0,41.019943
9.471,9.471,0.0,9.471,9.471,1.0,322.0,-0.15890327,-167.31635,1390.0,2.944428
9.472,9.472,0.0,9.472,9.472,1.0,323.0,-0.2056153,-128.98647,1390.0,0.11227874
9.541,10.212,403.0,9.541,10.212,0.0,324.0,-0.18480204,-48.66802,1793.0,60.048626
10.105,10.105,0.0,10.105,10.105,1.0,325.0,-0.17422679,-26.442135,1793.0,87.38204
10.13,10.13,0.0,10.13,10.13,0.0,328.0,-0.12983835,-3.381196,1793.0,55.5557
10.077,10.077,0.0,10.077,10.077,1.0,329.0,-0.12616937,-8.226968,1793.0,0.0
10.098,10.098,0.0,10.098,10.098,1.0,330.0,-0.120209605,-1.17979,1793.0,12.138652
10.253,10.253,0.0,10.253,10.253,1.0,331.0,-0.10264445,35.33743,1793.0,76.855804
10.333,10.333,0.0,10.333,10.333,1.0,332.0,-0.08179965,62.30573,1793.0,100.0
10.457,10.457,0.0,10.457,10.457,1.0,333.0,-0.055409115,86.44145,1793.0,100.0
10.589,10.589,0.0,10.589,10.589,0.0,335.0,-0.0050582835,90.91958,1793.0,100.0
10.514,10.514,0.0,10.514,10.514,0.0,336.0,0.009666177,71.049965,1793.0,63.76817
10.507,10.507,100.0,10.5,10.5,0.0,338.0,0.027755579,65.22414,1693.0,0.0
10.293,10.293,0.0,10.293,10.293,1.0,339.0,0.018184096,-16.600332,1693.0,0.0
10.381,10.381,0.0,10.381,10.381,0.0,340.0,0.017007675,13.329987,1693.0,29.830376
10.364,10.364,0.0,10.364,10.364,1.0,341.0,0.014627221,2.9803176,1693.0,28.205065
10.454,10.454,0.0,10.454,10.454,0.0,342.0,0.019240268,31.870771,1693.0,91.28238
10.127,10.127,0.0,10.127,10.127,1.0,343.0,-0.0015531939,-115.09856,1693.0,20.737362
10.214,10.39,360.0,10.214,10.39,0.0,344.0,0.0017005865,-36.510586,2053.0,51.911762
10.236,10.236,0.0,10.236,10.236,1.0,345.0,-0.0071597295,-85.526695,2053.0,35.34946
10.283,10.58,300.0,10.283,10.58,0.0,346.0,0.011434042,37.632362,2353.0,79.76345
10.447,10.447,0.0,10.447,10.447,1.0,347.0,0.015946286,20.212664,2353.0,54.516575
10.68,10.68,0.0,10.68,10.68,0.0,348.0,0.03646884,119.16031,2353.0,81.26758
10.671,10.671,0.0,10.671,10.671,0.0,349.0,0.05133134,105.93967,2353.0,62.133217
10.666,10.666,0.0,10.666,10.666,1.0,350.0,0.061900284,92.10795,2353.0,94.33202
10.811,10.811,0.0,10.811,10.811,0.0,351.0,0.08007361,121.41405,2353.0,91.19498
10.646,10.726,250.0,10.646,10.726,0.0,352.0,0.08695839,73.94902,2103.0,61.70226
10.535,10.535,0.0,10.535,10.535,1.0,353.0,0.077143066,14.705806,2103.0,34.441727
10.869,10.869,0.0,10.869,10.869,1.0,354.0,0.09321741,105.03084,2103.0,54.75414
10.925,10.925,0.0,10.925,10.925,0.0,355.0,0.10871875,101.23472,2103.0,67.12566
10.797,10.797,0.0,10.797,10.797,1.0,356.0,0.109995544,56.913216,2103.0,75.28955
10.865,10.865,0.0,10.865,10.865,0.0,357.0,0.11465721,69.9995,2103.0,49.20622
10.569,10.569,0.0,10.569,10.569,1.0,358.0,0.09501655,-31.829897,2103.0,13.821116
10.721,10.721,0.0,10.721,10.721,0.0,360.0,0.07820918,7.959713,2103.0,33.928528
10.264,10.264,0.0,10.264,10.264,0.0,362.0,0.03407872,-167.63019,2103.0,19.824556
10.226,10.226,0.0,10.226,10.226,1.0,363.0,0.0025392019,-137.13556,2103.0,0.0
10.358,10.358,0.0,10.358,10.358,1.0,364.0,-0.012296662,-82.51219,2103.0,23.198578
10.425,10.425,0.0,10.425,10.425,1.0,365.0,-0.018746747,-54.339733,2103.0,83.96623
10.47,10.702,300.0,10.47,10.702,0.0,366.0,-0.003081815,6.2806544,2403.0,100.0
10.39,10.39,0.0,10.39,10.39,1.0,367.0,-0.013889288,-58.683792,2403.0,52.439068
10.5,10.5,1500.0,10.5,10.5,1.0,368.0,-0.014008493,-20.475626,3903.0,55.364803
10.5,10.5,3400.0,10.5,10.5,0.0,369.0,-0.013928878,-12.670458,503.0,26.066332
10.192,10.192,0.0,10.192,10.192,1.0,370.0,-0.036440056,-102.053604,503.0,26.315754
10.2,10.2,0.0,10.2,10.2,1.0,371.0,-0.05292492,-91.183685,503.0,2.5314698
10.232,10.232,0.0,10.232,10.232,1.0,372.0,-0.062743254,-68.574,503.0,11.494256
10.527,10.527,0.0,10.527,10.527,1.0,373.0,-0.047829602,41.30266,503.0,100.0
10.928,10.928,0.0,10.928,10.928,1.0,374.0,-0.006018918,156.40712,503.0,100.0
10.748,10.748,0.0,10.748,10.748,0.0,376.0,0.038831048,69.98367,503.0,68.50922
10.965,10.965,45.0,10.965,10.965,1.0,378.0,0.058387578,104.383316,548.0,51.814785
10.788,10.788,0.0,10.788,10.788,1.0,380.0,0.08006105,42.257027,548.0,68.258865
10.897,10.897,0.0,10.897,10.897,1.0,381.0,0.087422125,58.358227,548.0,40.116325
11.043,11.397,95.0,11.043,11.397,0.0,382.0,0.12899955,115.784645,643.0,74.7239
11.233,11.233,0.0,11.233,11.233,0.0,383.0,0.14766748,89.97798,643.0,78.78391
11.08,11.08,0.0,11.08,11.08,0.0,384.0,0.14908385,54.113956,643.0,61.199482
10.744,10.744,0.0,10.744,10.744,0.0,385.0,0.12353929,-25.085466,643.0,0.0
10.743,10.743,140.0,10.743,10.743,0.0,386.0,0.10205947,-42.986897,503.0,0.0
10.619,10.619,0.0,10.619,10.619,1.0,387.0,0.07492525,-86.04265,503.0,0.0
10.685,10.816,25.0,10.685,10.816,0.0,388.0,0.06742781,-34.10353,528.0,61.18007
10.683,10.683,0.0,10.683,10.683,0.0,389.0,0.050939888,-54.792187,528.0,43.392017
10.541,10.541,0.0,10.541,10.541,0.0,390.0,0.026991624,-87.40928,528.0,41.737267
10.53,10.53,0.0,10.53,10.53,0.0,391.0,0.007204265,-89.30313,528.0,0.0
10.487,10.487,0.0,10.487,10.487,0.0,392.0,-0.011463432,-86.09215,528.0,0.0
10.407,10.407,0.0,10.407,10.407,1.0,393.0,-0.031762186,-90.42645,528.0,0.0
10.693,10.693,350.0,10.693,10.693,0.0,394.0,-0.026053045,-17.774523,878.0,69.92664
10.0,10.0,0.0,10.0,10.0,0.0,395.0,-0.07246342,-139.65085,878.0,27.006609
9.758,9.758,0.0,9.758,9.758,1.0,396.0,-0.125571,-147.64151,878.0,23.423449
9.801,9.801,400.0,9.683,9.797,1.0,397.0,-0.16248775,-124.41892,1278.0,4.0040655
9.565,9.986,50.0,9.565,9.986,0.0,398.0,-0.17526923,-95.91699,1328.0,48.510643
9.986,9.986,0.0,9.803,9.803,0.0,399.0,-0.19657579,-79.561386,1328.0,55.474472
9.738,9.738,0.0,9.714,9.714,1.0,401.0,-0.22942731,-76.38696,1328.0,0.0
10.159,10.159,0.0,10.159,10.159,0.0,402.0,-0.2045506,0.47206458,1328.0,83.333244
10.141,10.141,0.0,10.141,10.141,0.0,403.0,-0.18399675,4.4347343,1328.0,91.37563
10.029,10.029,0.0,10.029,10.029,0.0,405.0,-0.15836653,-5.1158524,1328.0,0.0
10.003,10.003,0.0,10.003,10.003,0.0,406.0,-0.1519715,-3.555912,1328.0,0.0
10.041,10.231,850.0,10.041,10.231,0.0,408.0,-0.12954181,89.92452,2178.0,68.36357
10.149,10.149,0.0,10.149,10.149,0.0,410.0,-0.09745419,62.815838,2178.0,82.09612
10.028,10.028,0.0,10.028,10.028,0.0,413.0,-0.0780656,-4.752082,2178.0,24.255323
9.803,9.803,0.0,9.803,9.803,0.0,414.0,-0.0932449,-107.665375,2178.0,14.074123
9.756,9.756,0.0,9.756,9.756,0.0,415.0,-0.107384615,-134.69328,2178.0,0.0
9.659,9.659,600.0,9.514,9.514,0.0,416.0,-0.13494092,-155.6547,1578.0,0.0
9.509,9.509,200.0,9.388,9.388,0.0,417.0,-0.16403627,-146.50003,1378.0,0.0
9.225,9.225,0.0,9.225,9.225,1.0,418.0,-0.19670385,-146.72404,1378.0,0.0
9.0,9.234,75.0,9.0,9.234,0.0,419.0,-0.21904872,-125.640175,1453.0,3.0200815
9.152,9.152,0.0,9.152,9.152,0.0,420.0,-0.23980273,-103.856476,1453.0,3.5432553
9.267,9.267,300.0,9.0,9.0,1.0,421.0,-0.26423216,-96.0017,1153.0,3.703631
9.054,9.054,0.0,9.054,9.054,1.0,422.0,-0.27600974,-86.766464,1153.0,18.749958
9.065,9.065,0.0,9.065,9.065,1.0,423.0,-0.28096882,-74.18361,1153.0,29.953722
9.09,9.09,0.0,9.09,9.09,1.0,424.0,-0.279525,-61.689705,1153.0,100.0
9.088,9.2,20.0,9.088,9.2,1.0,425.0,-0.2668377,-42.838882,1173.0,100.0
8.995,9.352,500.0,8.995,9.352,1.0,426.0,-0.2424523,-22.995405,1673.0,100.0
9.434,9.434,0.0,9.434,9.434,1.0,427.0,-0.21442981,34.94668,1673.0,100.0
9.722,9.722,0.0,9.722,9.722,1.0,428.0,-0.16870855,117.37056,1673.0,100.0
10.029,10.029,0.0,10.029,10.029,0.0,430.0,-0.07409462,150.95338,1673.0,100.0
10.002,10.002,0.0,10.002,10.002,0.0,431.0,-0.034238577,117.82071,1673.0,91.91605
9.898,9.898,0.0,9.898,9.898,0.0,432.0,-0.010470783,83.93035,1673.0,65.43528
9.748,9.748,0.0,9.748,9.748,1.0,433.0,-0.002916494,50.045185,1673.0,0.0
9.938,9.938,0.0,9.938,9.938,1.0,434.0,0.017030863,71.7845,1673.0,42.792767
10.033,10.033,0.0,10.033,10.033,0.0,435.0,0.039364908,76.13956,1673.0,65.51729
10.029,10.029,0.0,10.029,10.029,0.0,436.0,0.055971246,66.2007,1673.0,98.61601
9.97,9.97,0.0,9.97,9.97,1.0,437.0,0.06385284,48.54882,1673.0,60.126755
10.43,10.43,150.0,10.43,10.43,0.0,439.0,0.12968124,111.897606,2023.0,88.63198
9.958,9.958,0.0,9.958,9.958,1.0,441.0,0.12893625,-18.266598,2023.0,9.578575
9.965,9.965,0.0,9.965,9.965,0.0,442.0,0.113273196,-22.945822,2023.0,1.4613712
10.396,10.396,300.0,9.7,9.7,0.0,443.0,0.08011672,-38.83183,1723.0,1.0130202
9.458,9.458,0.0,9.458,9.458,1.0,444.0,0.03544889,-144.07924,1723.0,1.361862
9.741,9.741,0.0,9.741,9.741,1.0,445.0,0.021138867,-62.52712,1723.0,35.822784
9.824,9.824,0.0,9.824,9.824,0.0,446.0,0.01586814,-39.81868,1723.0,60.19742
9.794,9.794,0.0,9.794,9.794,0.0,447.0,0.0093543455,-48.664482,1723.0,92.42409
9.629,9.629,275.0,9.55,9.55,0.0,448.0,-0.013849947,-89.703896,1448.0,23.249329
9.341,9.442,150.0,9.341,9.442,0.0,449.0,-0.039718505,-105.71922,1298.0,0.0
9.43,9.43,0.0,9.43,9.43,1.0,450.0,-0.0602535,-86.12592,1298.0,0.0
9.557,9.557,0.0,9.557,9.557,0.0,451.0,-0.06611917,-54.34204,1298.0,51.417
9.406,9.406,0.0,9.406,9.406,0.0,452.0,-0.08102237,-73.33261,1298.0,43.79306
9.392,9.392,0.0,9.392,9.392,1.0,453.0,-0.092660576,-70.62551,1298.0,43.49313
9.798,9.798,0.0,9.798,9.798,0.0,454.0,-0.07059848,41.560146,1298.0,71.10334
9.764,9.764,0.0,9.764,9.764,0.0,455.0,-0.055065893,37.980633,1298.0,89.427246
9.677,9.677,0.0,9.677,9.677,0.0,456.0,-0.04872124,18.438221,1298.0,77.03981
9.648,9.648,0.0,9.648,9.648,1.0,457.0,-0.045324083,17.345823,1298.0,0.0
9.564,9.747,100.0,9.564,9.747,0.0,458.0,-0.034810927,26.892801,1398.0,46.046467
9.588,9.588,0.0,9.588,9.588,1.0,459.0,-0.03793989,-9.655748,1398.0,34.4948
9.648,10.029,200.0,9.648,10.029,0.0,460.0,-0.007342567,115.14351,1598.0,77.25328
9.932,9.932,0.0,9.932,9.932,0.0,461.0,0.0094035575,113.10814,1598.0,63.271202
9.893,9.893,0.0,9.893,9.893,1.0,462.0,0.019443998,84.386086,1598.0,76.429726
9.964,9.964,0.0,9.964,9.964,1.0,463.0,0.032263868,93.328186,1598.0,34.299442
10.224,10.224,0.0,10.224,10.224,0.0,464.0,0.061046567,139.69295,1598.0,89.45934
10.124,10.124,0.0,10.124,10.124,1.0,465.0,0.0753168,93.04467,1598.0,76.798096
10.223,10.497,100.0,10.223,10.497,0.0,466.0,0.113043286,136.5096,1698.0,86.3574
10.153,10.153,0.0,10.153,10.153,1.0,467.0,0.115617536,66.479935,1698.0,45.65483
10.28,10.28,0.0,10.28,10.28,0.0,468.0,0.12557694,86.13522,1698.0,59.241714
10.204,10.204,0.0,10.204,10.204,1.0,469.0,0.12617216,57.7957,1698.0,23.217567
10.238,10.362,250.0,10.238,10.362,0.0,470.0,0.13675031,75.88284,1948.0,78.947525
10.215,10.215,0.0,10.215,10.215,1.0,471.0,0.1324465,41.694405,1948.0,41.46986
10.357,10.357,0.0,10.357,10.357,0.0,473.0,0.1500453,60.28273,1948.0,49.59999
10.306,10.306,0.0,10.306,10.306,0.0,474.0,0.14418873,35.95893,1948.0,58.60111
10.049,10.049,0.0,10.049,10.049,0.0,475.0,0.118876524,-64.77409,1948.0,0.0
10.011,10.011,0.0,10.011,10.011,1.0,476.0,0.09490269,-90.63334,1948.0,0.0
10.011,10.096,0.0,10.011,10.096,1.0,477.0,0.081348866,-75.04,1948.0,22.368423
10.195,10.195,0.0,10.195,10.195,1.0,478.0,0.077107295,-15.760253,1948.0,82.88284
10.359,10.359,0.0,10.359,10.359,1.0,479.0,0.08496719,51.33294,1948.0,100.0
10.609,10.609,0.0,10.609,10.609,0.0,480.0,0.1085016,135.45502,1948.0,100.0
10.455,10.455,0.0,10.455,10.455,1.0,481.0,0.1141145,65.49528,1948.0,72.887314
10.526,10.526,0.0,10.526,10.526,1.0,482.0,0.12232252,80.43095,1948.0,67.57891
10.712,10.712,0.0,10.712,10.712,0.0,483.0,0.14094202,116.750084,1948.0,62.53037
10.712,10.712,0.0,10.54,10.54,0.0,484.0,0.14100039,71.35204,1948.0,59.906765
10.486,10.486,0.0,10.486,10.486,0.0,485.0,0.13532273,32.917942,1948.0,45.145634
10.305,10.305,0.0,10.305,10.305,0.0,486.0,0.115871266,-16.523647,1948.0,0.0
10.125,10.125,0.0,10.125,10.125,1.0,488.0,0.068722226,-61.91233,1948.0,0.0
10.132,10.132,0.0,10.132,10.132,1.0,489.0,0.047806706,-63.553936,1948.0,3.7432938
9.989,10.156,200.0,9.989,10.156,1.0,490.0,0.03270871,-78.12332,2148.0,20.000124
10.324,10.324,0.0,10.324,10.324,1.0,492.0,0.029014252,-17.147532,2148.0,100.0
10.361,10.361,0.0,10.361,10.361,0.0,493.0,0.032112632,-4.5376635,2148.0,100.0
10.306,10.306,0.0,10.306,10.306,0.0,495.0,0.01718647,-7.738516,2148.0,48.117092
10.093,10.093,0.0,10.093,10.093,1.0,498.0,-0.0027401547,-84.26179,2148.0,0.0
10.475,10.475,0.0,10.475,10.475,0.0,499.0,0.014702017,137.20198,2148.0,66.31953
10.449,10.449,0.0,10.449,10.449,1.0,500.0,0.02617913,104.93221,2148.0,71.268745
10.548,10.548,0.0,10.548,10.548,0.0,501.0,0.04210218,123.375145,2148.0,94.87179
10.335,10.335,0.0,10.335,10.335,0.0,502.0,0.03825023,22.672567,2148.0,29.289907
10.266,10.266,0.0,10.266,10.266,0.0,503.0,0.029685462,-14.255975,2148.0,25.984211
10.081,10.081,0.0,10.081,10.081,0.0,504.0,0.008991259,-101.52124,2148.0,0.0
9.935,9.935,0.0,9.935,9.935,1.0,505.0,-0.018010575,-131.94312,2148.0,0.0
9.812,9.812,0.0,9.812,9.812,1.0,507.0,-0.0615681,-121.79998,2148.0,10.557021
9.904,9.904,0.0,9.904,9.904,1.0,508.0,-0.0738032,-83.47701,2148.0,44.599255
10.131,10.131,0.0,10.131,10.131,1.0,509.0,-0.065656394,-14.091245,2148.0,66.73643
10.23,10.23,0.0,10.23,10.23,0.0,510.0,-0.051195566,16.188812,2148.0,100.0
10.153,10.153,0.0,10.153,10.153,1.0,511.0,-0.0449944,-5.0810537,2148.0,80.89333
10.174,10.174,0.0,10.174,10.174,0.0,512.0,-0.03806249,-0.5932772,2148.0,60.913788
9.612,9.612,0.0,9.612,9.612,1.0,513.0,-0.07369929,-132.36061,2148.0,3.1818097
9.66,9.66,0.0,9.66,9.66,0.0,514.0,-0.096989535,-101.85071,2148.0,10.934936
9.612,9.612,0.0,9.612,9.612,0.0,515.0,-0.11747094,-103.2887,2148.0,7.29476
9.518,9.518,0.0,9.518,9.518,1.0,516.0,-0.13891074,-109.01449,2148.0,25.262888
9.676,9.676,0.0,9.676,9.676,1.0,517.0,-0.14222343,-58.930893,2148.0,52.66663
9.8,9.8,0.0,9.8,9.8,0.0,518.0,-0.13389482,-19.8155,2148.0,74.99987
9.743,9.743,0.0,9.743,9.743,0.0,519.0,-0.12997264,-31.764603,2148.0,83.18583
9.62,9.62,0.0,9.62,9.62,1.0,520.0,-0.13440278,-57.766922,2148.0,40.78954
9.753,9.753,0.0,9.753,9.753,1.0,521.0,-0.12637573,-20.26759,2148.0,42.49204
9.883,9.883,100.0,9.852,9.852,1.0,522.0,-0.11126082,10.288206,2248.0,65.35212
9.844,9.967,768.0,9.844,9.967,0.0,523.0,-0.08963278,33.5613,3016.0,100.0
9.581,9.581,0.0,9.581,9.581,1.0,524.0,-0.100197606,-59.91063,3016.0,35.66666
9.595,10.01,1000.0,9.595,10.01,0.0,525.0,-0.07550873,49.26271,4016.0,58.49463
9.558,9.91,110.0,9.558,9.91,0.0,526.0,-0.062744685,41.295006,3906.0,46.88524
9.566,9.566,0.0,9.566,9.566,0.0,527.0,-0.0774392,-77.21376,3906.0,49.140873
9.371,9.371,0.0,9.371,9.371,1.0,528.0,-0.102325186,-137.07211,3906.0,0.0
9.373,9.373,0.0,9.373,9.373,1.0,529.0,-0.120290905,-113.61147,3906.0,0.36965936
9.437,9.437,0.0,9.437,9.437,1.0,530.0,-0.12806986,-84.19194,3906.0,25.287382
9.598,9.598,0.0,9.598,9.598,1.0,531.0,-0.12066005,-23.743315,3906.0,100.0
9.806,9.806,0.0,9.806,9.806,0.0,532.0,-0.09804674,50.942066,3906.0,100.0
9.732,9.732,0.0,9.732,9.732,0.0,533.0,-0.084700994,24.65971,3906.0,83.29581
9.519,9.519,0.0,9.519,9.519,1.0,534.0,-0.088998616,-48.488773,3906.0,42.02025
9.825,9.825,0.0,9.825,9.825,1.0,535.0,-0.068651885,56.60323,3906.0,51.602028
9.895,9.895,0.0,9.895,9.895,1.0,536.0,-0.046798505,78.88006,3906.0,63.837006
9.917,9.917,0.0,9.917,9.917,1.0,537.0,-0.027585942,87.01343,3906.0,100.0
10.11,10.11,0.0,10.11,10.11,0.0,538.0,0.0019621134,120.60713,3906.0,100.0
10.008,10.008,0.0,10.008,10.008,0.0,539.0,0.017407736,83.73401,3906.0,67.82342
9.998,9.998,0.0,9.998,9.998,0.0,540.0,0.02847883,73.21456,3906.0,63.27877
9.9,9.9,0.0,9.9,9.9,1.0,541.0,0.02950978,40.563885,3906.0,0.0
10.124,10.139,1240.0,10.0,10.0,0.0,542.0,0.037333783,70.94658,5146.0,48.076843
9.9,9.9,16.0,9.781,9.781,0.0,543.0,0.026792677,-2.9288678,5130.0,23.980862
9.39,9.39,0.0,9.39,9.39,1.0,544.0,-0.010616756,-140.56958,5130.0,14.08456
9.4,9.4,0.0,9.4,9.4,0.0,546.0,-0.04380753,-112.097824,5830.0,30.699053
9.4,9.4,70.0,9.394,9.394,0.0,547.0,-0.064399004,-96.978455,5760.0,50.332203
8.598,8.598,0.0,8.598,8.598,0.0,549.0,-0.17362733,-155.74727,5760.0,0.0
8.558,8.558,0.0,8.558,8.558,1.0,550.0,-0.22289364,-125.56134,5760.0,0.0
8.609,8.609,0.0,8.609,8.609,1.0,551.0,-0.25473607,-98.99949,5760.0,11.15985
8.709,8.709,0.0,8.709,8.709,1.0,552.0,-0.26900437,-75.70551,5760.0,79.05761
8.812,8.812,0.0,8.812,8.812,0.0,553.0,-0.2691947,-55.202827,5760.0,100.0
8.679,8.679,0.0,8.679,8.679,1.0,555.0,-0.2773551,-54.3004,5760.0,43.644154
8.93,8.93,0.0,8.93,8.93,1.0,556.0,-0.25686425,-12.669114,5760.0,65.364555
8.962,8.962,0.0,8.962,8.962,1.0,557.0,-0.23538846,2.3969858,5760.0,98.26385
9.006,9.006,0.0,9.006,9.006,1.0,558.0,-0.21252407,16.917341,5760.0,100.0
9.064,9.064,0.0,9.064,9.064,0.0,559.0,-0.18782623,43.976734,5760.0,100.0
9.023,9.023,0.0,9.023,9.023,1.0,560.0,-0.16931592,47.287567,5760.0,71.32854
9.112,9.112,0.0,9.112,9.112,0.0,561.0,-0.14625011,95.30701,5760.0,78.19148
9.015,9.015,0.0,9.015,9.015,1.0,562.0,-0.13365735,59.55586,5760.0,39.207153
9.169,9.169,0.0,9.169,9.169,1.0,563.0,-0.1108371,95.60982,5760.0,71.470566
9.155,9.155,0.0,9.155,9.155,1.0,565.0,-0.07660917,71.83294,5760.0,90.69774
9.274,9.274,0.0,9.274,9.274,1.0,566.0,-0.055239476,100.29891,5760.0,88.32133
9.446,9.446,0.0,9.446,9.446,1.0,567.0,-0.02522258,128.75879,5760.0,94.788345
9.486,9.486,0.0,9.486,9.486,1.0,568.0,0.0014086912,121.89452,5760.0,100.0
9.142,9.569,2000.0,9.142,9.569,0.0,569.0,0.028252019,96.69165,7760.0,100.0
9.071,9.071,0.0,9.071,9.071,1.0,570.0,0.012025405,-37.970463,7760.0,19.806778
9.254,9.254,0.0,9.254,9.254,0.0,571.0,0.012759422,25.60542,7760.0,34.81673
9.236,9.236,0.0,9.236,9.236,1.0,572.0,0.011844582,12.279512,7760.0,26.180223
9.585,9.585,0.0,9.585,9.585,0.0,573.0,0.03675894,126.63795,7760.0,96.72733
9.367,9.367,0.0,9.367,9.367,1.0,574.0,0.0396029,38.41807,7760.0,59.65811
9.485,9.932,6000.0,9.485,9.929,0.0,575.0,0.08283095,146.60208,13760.0,80.69085
9.62,9.62,0.0,9.62,9.62,0.0,576.0,0.09264441,83.765335,13760.0,51.60697
9.547,9.547,0.0,9.547,9.547,1.0,577.0,0.0937528,52.083042,13760.0,59.533913
9.581,10.017,1000.0,9.581,10.017,0.0,578.0,0.12816948,125.08923,14760.0,55.164337
9.433,9.433,0.0,9.433,9.433,0.0,579.0,0.110257864,-7.4052896,14760.0,41.703632
9.419,9.419,0.0,9.419,9.419,0.0,580.0,0.0939235,-15.317203,14760.0,44.007484
9.374,9.374,0.0,9.374,9.374,1.0,581.0,0.07672876,-27.728273,14760.0,0.0
9.586,9.586,0.0,9.586,9.586,1.0,582.0,0.07805441,36.164627,14760.0,78.22884
9.594,9.594,0.0,9.594,9.594,1.0,583.0,0.07871644,34.60286,14760.0,83.01886
9.789,10.25,200.0,9.789,10.25,0.0,584.0,0.12670608,150.71478,14960.0,100.0
10.016,10.016,0.0,10.016,10.016,0.0,586.0,0.16667943,83.14724,13960.0,73.707855
9.822,9.822,0.0,9.822,9.822,0.0,587.0,0.15803562,31.25267,13960.0,0.0
9.749,9.749,0.0,9.749,9.749,0.0,588.0,0.14397094,7.19122,13960.0,0.0
9.683,9.683,0.0,9.683,9.683,0.0,589.0,0.12637632,-8.152915,13960.0,0.0
9.675,9.675,0.0,9.675,9.675,0.0,590.0,0.11053346,-11.311666,13960.0,0.0
9.64,9.64,0.0,9.64,9.64,0.0,591.0,0.09425539,-22.532509,13960.0,0.0
9.608,9.608,0.0,9.608,9.608,0.0,592.0,0.07806035,-26.235605,13960.0,0.0
9.49,9.49,0.0,9.49,9.49,1.0,593.0,0.055778548,-59.961494,13960.0,0.0
9.49,9.49,0.0,9.49,9.49,1.0,594.0,0.03774652,-62.840416,13960.0,0.0
9.585,9.585,0.0,9.585,9.585,1.0,595.0,0.030260107,-43.666695,13960.0,44.601
9.627,9.627,0.0,9.627,9.627,0.0,597.0,0.028318595,-34.911213,13960.0,74.90906
9.566,9.566,0.0,9.566,9.566,1.0,598.0,0.020399775,-46.712402,13960.0,46.058083
9.896,9.896,0.0,9.896,9.896,0.0,599.0,0.03835343,95.920876,13960.0,71.739105
9.641,9.641,0.0,9.641,9.641,1.0,600.0,0.03302684,-8.117887,13960.0,51.083588
9.724,9.724,0.0,9.724,9.724,1.0,601.0,0.034603056,48.145466,13960.0,61.826344
9.776,9.776,0.0,9.776,9.776,0.0,602.0,0.039244197,78.16298,13960.0,34.615414
9.697,9.697,0.0,9.697,9.697,0.0,603.0,0.03654026,28.514647,13960.0,63.08401
9.586,9.586,0.0,9.586,9.586,1.0,604.0,0.025788765,-35.694664,13960.0,21.487656
9.605,9.605,0.0,9.605,9.605,0.0,605.0,0.018504752,-22.45574,13960.0,9.090536
9.47,9.47,0.0,9.47,9.47,1.0,606.0,0.0026374992,-90.99111,13960.0,7.16954
9.551,9.551,0.0,9.551,9.551,1.0,607.0,-0.0037655162,-49.88767,13960.0,42.552948
9.695,9.695,0.0,9.695,9.695,0.0,609.0,0.0027759322,25.676304,13960.0,100.0
9.61,9.61,0.0,9.61,9.61,0.0,610.0,7.4485526E-4,-24.253786,13960.0,62.882095
9.593,9.593,0.0,9.593,9.593,1.0,611.0,-0.0021007564,-33.19486,13960.0,38.18188
9.707,9.707,0.0,9.707,9.707,0.0,612.0,0.0041283146,32.5274,13960.0,52.777813
9.56,9.56,0.0,9.56,9.56,1.0,613.0,-0.0019287404,-58.977264,13960.0,41.007267
9.577,9.577,0.0,9.577,9.577,1.0,614.0,-0.0053648576,-40.66994,13960.0,47.122147
9.66,9.785,117.0,9.66,9.785,0.0,615.0,0.0073863,90.4876,14077.0,60.483913
9.669,9.669,0.0,9.669,9.669,0.0,616.0,0.00865551,42.978302,14077.0,65.982315
9.65,9.65,0.0,9.65,9.65,1.0,617.0,0.008133932,30.02683,14077.0,60.64138
9.738,9.738,0.0,9.738,9.738,1.0,618.0,0.014126277,93.85817,14077.0,39.461926
9.799,9.799,0.0,9.799,9.799,1.0,619.0,0.02312183,116.51776,14077.0,88.69046
9.901,9.901,0.0,9.901,9.901,1.0,620.0,0.037372272,152.94244,14077.0,100.0
10.086,10.086,0.0,10.086,10.086,1.0,621.0,0.061667297,175.51344,14077.0,100.0
10.23,10.23,0.0,10.23,10.23,1.0,622.0,0.09045483,161.72682,14077.0,100.0
10.473,10.473,0.0,10.473,10.473,0.0,623.0,0.12969616,161.863,14077.0,100.0
10.4,10.4,0.0,10.4,10.4,1.0,624.0,0.15325698,115.50873,14077.0,84.13042
10.449,10.449,0.0,10.449,10.449,1.0,625.0,0.17333046,104.252716,14077.0,80.00005
10.526,10.526,0.0,10.526,10.526,1.0,626.0,0.19250973,99.330414,14077.0,63.316673
10.549,10.549,0.0,10.549,10.549,1.0,627.0,0.20676914,88.869705,14077.0,100.0
10.667,11.024,300.0,10.667,11.024,1.0,628.0,0.25040165,123.87088,14377.0,100.0
11.07,11.07,0.0,11.07,11.07,1.0,629.0,0.2846829,120.73346,14377.0,100.0
11.171,11.171,0.0,11.171,11.171,1.0,630.0,0.3153242,112.49688,14377.0,100.0
11.273,11.273,0.0,11.273,11.273,1.0,631.0,0.34282866,107.74302,14377.0,100.0
11.538,11.538,0.0,11.538,11.538,1.0,632.0,0.37958968,119.25262,14377.0,100.0
11.614,11.614,150.0,11.61,11.61,0.0,633.0,0.4088517,109.79925,14527.0,100.0
11.311,11.311,0.0,11.311,11.311,0.0,634.0,0.40451908,64.28586,14527.0,52.98743
11.073,11.073,0.0,11.073,11.073,1.0,635.0,0.37859222,25.518179,14527.0,11.8226
11.337,11.337,0.0,11.337,11.337,0.0,636.0,0.37324494,56.248722,14527.0,32.95881
11.315,11.315,0.0,11.315,11.315,0.0,637.0,0.36286387,45.268444,14527.0,50.381653
11.222,11.222,0.0,11.222,11.222,0.0,638.0,0.34344894,22.835688,14527.0,69.65703
10.743,10.743,0.0,10.743,10.743,1.0,639.0,0.28873578,-74.8504,14527.0,0.0
11.152,11.547,500.0,11.152,11.547,0.0,641.0,0.2713142,56.244083,15027.0,62.66562
11.69,11.69,433.0,11.207,11.207,0.0,642.0,0.25683492,36.55383,14594.0,70.27971
11.187,11.187,0.0,11.187,11.187,0.0,643.0,0.24092542,-17.144535,14594.0,64.636566
11.187,11.187,1000.0,10.559,10.559,1.0,644.0,0.17919984,-113.17151,13594.0,0.0
10.994,10.994,0.0,10.994,10.994,1.0,645.0,0.16106643,-50.219093,13594.0,40.166237
10.994,11.053,0.0,10.994,11.053,0.0,646.0,0.14932483,-33.597736,13594.0,44.02853
10.998,10.998,0.0,10.998,10.998,0.0,647.0,0.13428505,-35.96367,13594.0,89.98174
10.872,10.872,0.0,10.872,10.872,0.0,648.0,0.11161977,-63.81964,13594.0,24.583265
10.797,10.797,0.0,10.797,10.797,1.0,649.0,0.08706349,-75.835686,13594.0,0.0
11.257,11.257,0.0,11.257,11.257,1.0,650.0,0.10084506,56.38794,13594.0,69.59151
11.656,11.974,1500.0,11.656,11.974,0.0,651.0,0.16328,164.27333,15094.0,94.0096
11.736,11.736,250.0,11.736,11.736,1.0,652.0,0.19229822,112.671555,14844.0,83.180214
11.664,12.233,60.0,11.664,12.233,0.0,653.0,0.24922256,132.52408,14904.0,83.60882
11.752,11.752,0.0,11.752,11.752,0.0,654.0,0.25494862,73.27524,14904.0,40.871704
11.679,11.7,250.0,11.679,11.7,0.0,655.0,0.2524283,58.929256,14654.0,48.252415
11.186,11.186,0.0,11.186,11.186,1.0,656.0,0.2094026,-17.426138,14654.0,0.0
11.5,11.5,0.0,11.5,11.5,1.0,658.0,0.17654642,22.454203,14654.0,37.922718
12.04,12.04,0.0,12.04,12.04,1.0,660.0,0.19645612,92.37578,14654.0,100.0
12.145,12.655,200.0,12.145,12.655,0.0,661.0,0.26279566,129.62175,14854.0,100.0
12.233,12.233,0.0,12.233,12.233,1.0,662.0,0.28004095,82.71608,14854.0,73.240326
12.373,12.613,600.0,12.373,12.613,1.0,663.0,0.31808063,114.459694,15454.0,70.21877
12.35,12.702,235.0,12.35,12.702,0.0,664.0,0.3503505,103.52774,15689.0,52.63748
12.144,12.144,0.0,12.144,12.144,1.0,665.0,0.32995322,34.11205,15689.0,45.667
12.801,12.801,0.0,12.801,12.801,1.0,666.0,0.35853067,107.30947,15689.0,57.208584
12.842,12.842,0.0,12.842,12.842,0.0,667.0,0.37939215,95.809685,15689.0,55.573265
12.342,12.342,0.0,12.342,12.342,1.0,668.0,0.3540395,30.55406,15689.0,58.26377
12.861,12.861,0.0,12.861,12.861,0.0,670.0,0.36735094,74.71929,15689.0,50.93229
12.774,12.774,0.0,12.774,12.774,1.0,671.0,0.36327615,56.934124,15689.0,85.64358
12.967,12.967,0.0,12.967,12.967,0.0,672.0,0.3698853,78.94712,15689.0,78.88351
12.778,12.778,0.0,12.778,12.778,0.0,674.0,0.3463686,36.367535,15689.0,50.52352
12.655,12.655,0.0,12.655,12.655,1.0,675.0,0.32040548,1.2503912,15689.0,0.0
13.039,13.039,0.0,13.039,13.039,1.0,676.0,0.32460767,91.301094,15689.0,65.195244
13.16,13.16,0.0,13.16,13.16,1.0,677.0,0.33281913,102.87892,15689.0,80.414
13.24,13.24,0.0,13.24,13.24,0.0,678.0,0.34102288,101.68536,15689.0,100.0
13.207,13.207,0.0,13.207,13.207,0.0,679.0,0.34077507,92.642044,15689.0,85.89745
13.0,13.0,0.0,13.0,13.0,0.0,680.0,0.32110187,30.699015,15689.0,25.0
12.776,12.776,0.0,12.776,12.776,1.0,681.0,0.28529346,-30.05528,15689.0,0.0
12.806,13.2,500.0,12.806,13.2,1.0,682.0,0.28521746,46.782955,16189.0,49.590645
13.262,13.262,0.0,13.262,13.262,1.0,683.0,0.2862264,97.45895,16189.0,68.45071
13.298,13.298,0.0,13.298,13.298,0.0,684.0,0.2861475,92.18858,16189.0,100.0
13.137,13.137,0.0,13.137,13.137,0.0,685.0,0.27067503,34.566708,16189.0,37.83793
13.041,13.041,0.0,13.041,13.041,1.0,686.0,0.24820973,1.235732,16189.0,12.286766
12.813,13.376,250.0,12.813,13.376,0.0,687.0,0.25240493,42.848606,16439.0,56.587845
13.008,13.008,0.0,13.008,13.008,0.0,688.0,0.2253888,-25.297808,16439.0,41.927425
12.871,12.871,0.0,12.871,12.871,1.0,689.0,0.19146684,-98.465836,16439.0,39.88095
12.906,12.906,0.0,12.906,12.906,1.0,690.0,0.165288,-74.86325,16439.0,6.481454
13.03,13.03,0.0,13.03,13.03,1.0,691.0,0.15203135,-18.636742,16439.0,53.716114
13.153,13.153,0.0,13.153,13.153,1.0,692.0,0.1489235,37.677216,16439.0,100.0
13.394,13.394,0.0,13.394,13.394,0.0,693.0,0.16246818,121.811905,16439.0,100.0
13.015,13.015,0.0,13.015,13.015,0.0,694.0,0.14302492,-26.144836,16439.0,48.99062
12.885,12.885,0.0,12.885,12.885,0.0,695.0,0.11652877,-86.51069,16439.0,32.133358
12.757,12.757,0.0,12.757,12.757,0.0,696.0,0.08501601,-114.20909,16439.0,0.0
12.451,12.451,0.0,12.451,12.451,1.0,697.0,0.036841284,-157.9729,16439.0,0.0
12.577,12.932,80.0,12.577,12.932,1.0,698.0,0.03440568,-47.702934,16519.0,52.568302
12.893,13.5,150.0,12.893,13.5,0.0,699.0,0.0740308,87.13683,16669.0,77.416985
13.204,13.204,0.0,13.204,13.204,1.0,700.0,0.08210786,56.05725,16669.0,77.99259
13.411,13.411,0.0,13.411,13.411,1.0,701.0,0.10267112,100.0234,16669.0,72.3623
13.465,13.465,0.0,13.465,13.465,1.0,702.0,0.12140287,95.939804,16669.0,46.858177
13.754,13.754,0.0,13.754,13.754,1.0,704.0,0.18258311,104.889465,17049.0,91.93153
14.134,14.134,0.0,14.134,14.134,1.0,705.0,0.22732504,131.49562,17049.0,95.5102
13.938,14.266,67.0,13.938,14.266,0.0,706.0,0.26910475,109.63039,17116.0,93.944954
13.914,13.914,0.0,13.914,13.914,1.0,707.0,0.2723227,69.69718,17116.0,59.259247
14.176,14.176,0.0,14.176,14.176,1.0,708.0,0.29082385,86.828964,17116.0,52.815
14.25,14.5,445.0,14.25,14.5,0.0,709.0,0.32557306,96.842636,17561.0,62.47335
14.17,14.17,0.0,14.17,14.17,1.0,710.0,0.3242477,60.62599,17561.0,63.973824
14.17,14.497,0.0,14.17,14.497,1.0,711.0,0.34337288,81.89794,17561.0,66.36086
15.071,15.589,1500.0,15.071,15.589,0.0,713.0,0.46073946,150.20325,19061.0,100.0
15.446,15.446,0.0,15.446,15.446,1.0,714.0,0.505097,125.96549,19061.0,88.42108
15.377,15.978,625.0,15.377,15.978,0.0,715.0,0.57269716,128.59373,19686.0,89.60758
15.507,15.507,0.0,15.507,15.507,1.0,716.0,0.58349127,89.34023,19686.0,46.422344
15.558,15.558,0.0,15.558,15.558,0.0,717.0,0.5884787,81.46011,19686.0,55.313076
15.45,15.45,1300.0,15.45,15.45,0.0,718.0,0.5771431,62.39342,18386.0,8.095192
14.906,14.906,0.0,14.906,14.906,0.0,719.0,0.5210431,3.7593966,18386.0,7.254581
14.628,14.628,0.0,14.628,14.628,1.0,720.0,0.45042938,-29.447336,18386.0,0.0
15.261,15.261,0.0,15.261,15.261,1.0,721.0,0.43666014,31.237963,18386.0,43.505146
15.643,15.643,0.0,15.643,15.643,1.0,722.0,0.44877627,67.89541,18386.0,78.49961
16.113,16.113,300.0,15.975,15.975,1.0,723.0,0.47720182,98.60447,18686.0,100.0
16.193,16.193,0.0,16.193,16.193,1.0,725.0,0.5164752,106.06885,18686.0,100.0
17.127,17.127,0.0,17.127,17.127,1.0,726.0,0.59666497,166.07777,18686.0,100.0
17.129,17.129,0.0,17.129,17.129,0.0,727.0,0.6518937,127.9724,18686.0,100.0
16.555,16.9,250.0,16.555,16.9,0.0,728.0,0.669953,81.93844,18436.0,80.34332
16.9,16.9,0.0,16.573,16.573,1.0,729.0,0.65161824,64.543144,18436.0,0.35822693
16.561,16.561,0.0,16.561,16.561,0.0,731.0,0.6274983,37.18903,18496.0,35.792156
16.013,16.013,0.0,16.013,16.013,1.0,732.0,0.55333847,-10.387289,18496.0,30.198032
16.459,17.0,1395.0,16.459,17.0,0.0,734.0,0.5130065,50.424805,19891.0,64.29965
16.574,16.574,0.0,16.574,16.574,0.0,737.0,0.48750675,-10.753519,19966.0,34.829052
16.293,16.293,0.0,16.293,16.293,1.0,738.0,0.42701092,-64.794846,19966.0,32.0026
16.669,16.669,0.0,16.669,16.669,1.0,739.0,0.402428,-5.1866994,19966.0,26.572481
16.898,16.898,0.0,16.898,16.898,1.0,740.0,0.39524895,42.78862,19966.0,68.28446
17.84,18.125,1600.0,17.84,18.125,0.0,741.0,0.47540492,176.68018,21566.0,100.0
17.722,17.722,0.0,17.722,17.722,0.0,742.0,0.50219214,110.125565,21566.0,78.32168
17.366,17.617,25.0,17.366,17.617,1.0,743.0,0.5091103,75.728165,21541.0,70.720474
17.2,17.2,15.0,17.2,17.2,1.0,745.0,0.4704955,26.120031,21526.0,0.0
17.091,17.65,205.0,17.091,17.65,0.0,746.0,0.4685607,47.7218,21731.0,51.90306
17.334,17.5,160.0,17.334,17.5,0.0,747.0,0.45021075,38.480045,21571.0,44.24775
17.32,17.32,0.0,17.32,17.32,0.0,748.0,0.41709265,17.281895,21571.0,57.692253
16.921,16.921,0.0,16.921,16.921,1.0,749.0,0.35671338,-38.11354,21571.0,0.0
16.966,16.986,30.0,16.966,16.986,0.0,750.0,0.3101202,-28.794853,21601.0,10.093235
16.956,16.956,0.0,16.956,16.956,0.0,751.0,0.26781687,-37.80344,21601.0,13.157966
16.807,16.807,0.0,16.807,16.807,0.0,752.0,0.22058606,-74.875565,21601.0,26.639412
16.798,16.798,0.0,16.798,16.798,0.0,753.0,0.18043926,-80.61855,21601.0,0.0
16.631,16.631,0.0,16.631,16.631,0.0,754.0,0.13463344,-99.686966,21601.0,0.0
16.28,16.35,1500.0,16.28,16.35,0.0,755.0,0.07656756,-128.83461,20101.0,0.0
16.027,16.027,0.0,16.027,16.027,1.0,756.0,0.006570833,-138.95703,20101.0,0.0
16.16,16.16,0.0,16.16,16.16,1.0,757.0,-0.038178306,-100.9674,20101.0,18.046066
16.53,16.53,0.0,16.53,16.53,0.0,758.0,-0.04522076,-43.458496,20101.0,60.8959
15.934,16.5,50.0,15.934,16.5,0.0,759.0,-0.052361913,-65.40968,20051.0,94.37136
16.027,16.027,0.0,16.027,16.027,1.0,760.0,-0.09220577,-93.43126,20051.0,42.382633
16.213,16.213,0.0,16.213,16.213,0.0,761.0,-0.10835254,-59.160336,20051.0,26.995522
16.017,16.017,0.0,16.017,16.017,1.0,762.0,-0.1340624,-83.82539,20051.0,21.75432
16.489,16.489,0.0,16.489,16.489,1.0,763.0,-0.11757112,7.9229164,20051.0,77.04923
16.631,16.631,0.0,16.631,16.631,1.0,764.0,-0.09280011,44.024075,20051.0,75.80256
17.08,17.167,30.0,17.08,17.167,0.0,765.0,-0.03279319,137.16762,20081.0,100.0
17.124,17.124,0.0,17.124,17.124,0.0,766.0,0.011148167,117.84156,20081.0,94.036156
17.091,17.091,0.0,17.091,17.091,0.0,767.0,0.042780623,100.92375,20081.0,87.58166
17.036,17.036,0.0,17.036,17.036,1.0,768.0,0.062817186,81.9178,20081.0,0.0
17.139,17.15,120.0,17.139,17.15,1.0,769.0,0.086060226,84.40709,20201.0,56.435364
17.15,17.162,235.0,17.15,17.162,0.0,770.0,0.10398106,74.80404,20436.0,69.61337
17.232,17.629,265.0,17.15,17.15,0.0,771.0,0.11576575,83.38545,20171.0,91.30375
16.59,16.59,0.0,16.59,16.59,1.0,772.0,0.08216106,-20.850042,20171.0,2.0549667
17.691,17.7,220.0,16.738,16.738,0.0,774.0,0.07141759,34.90373,20886.0,35.050827
16.729,16.729,0.0,16.729,16.729,0.0,775.0,0.054896355,-30.005955,20886.0,58.40387
16.603,16.603,0.0,16.603,16.603,1.0,776.0,0.032054983,-81.76465,20886.0,0.0
16.674,16.674,0.0,16.674,16.674,1.0,777.0,0.019122344,-72.68264,20886.0,34.46571
16.733,17.704,600.0,16.733,17.704,1.0,778.0,0.084881015,100.19929,21486.0,89.73109
17.388,17.388,0.0,17.388,17.388,1.0,780.0,0.15042421,73.45994,21915.0,75.609764
17.593,17.593,0.0,17.593,17.593,1.0,781.0,0.17431779,99.28972,21915.0,40.246044
17.475,17.475,0.0,17.475,17.475,0.0,783.0,0.21588671,50.71414,22305.0,53.785896
17.438,17.438,0.0,17.438,17.438,1.0,784.0,0.20630577,40.781555,22305.0,42.09987
18.009,18.009,0.0,18.009,18.009,1.0,785.0,0.23847447,109.87666,22305.0,50.131706
18.829,19.41,100.0,18.829,19.41,0.0,786.0,0.3640399,177.62253,22405.0,98.15826
18.829,18.829,150.0,18.197,18.197,1.0,787.0,0.3677319,83.210724,22255.0,61.91524
17.945,19.0,470.0,17.945,19.0,0.0,788.0,0.4253785,89.49191,22725.0,64.50102
18.457,18.457,25.0,18.318,18.318,1.0,789.0,0.41465572,55.81765,22700.0,29.76279
18.436,18.436,0.0,18.436,18.436,0.0,790.0,0.4099188,55.06387,22700.0,57.45479
17.912,17.912,0.0,17.912,17.912,1.0,791.0,0.36249077,-7.748081,22700.0,8.912393
18.301,18.643,260.0,18.301,18.643,0.0,792.0,0.3750899,56.64123,22960.0,61.83536
18.06,18.06,0.0,18.06,18.06,1.0,794.0,0.29585424,-9.792305,22960.0,54.65992
17.939,18.353,100.0,17.939,18.353,0.0,795.0,0.28951684,5.2888007,23060.0,37.391342
18.094,18.094,0.0,18.094,18.094,1.0,796.0,0.26189393,-14.48174,23060.0,62.409233
18.561,18.561,0.0,18.561,18.561,1.0,797.0,0.27165347,45.418476,23060.0,74.582924
19.205,19.205,0.0,19.205,19.205,1.0,798.0,0.32346433,128.27493,23060.0,81.09485
19.581,19.581,10.0,19.581,19.581,0.0,799.0,0.38758212,140.47116,23070.0,100.0
19.498,19.498,0.0,19.498,19.498,1.0,800.0,0.42659584,118.85973,23070.0,92.475044
19.944,19.944,0.0,19.944,19.944,0.0,801.0,0.4846516,131.94432,23070.0,90.82871
19.59,19.76,1100.0,19.59,19.76,0.0,802.0,0.5102931,91.77013,21970.0,62.55263
19.101,19.101,0.0,19.101,19.101,1.0,803.0,0.4753089,30.919874,21970.0,34.60051
19.345,19.345,50.0,19.345,19.345,0.0,804.0,0.46024346,47.01544,22020.0,22.447056
19.188,19.188,0.0,19.188,19.188,1.0,805.0,0.43125728,25.840025,22020.0,23.018831
19.327,19.327,0.0,19.327,19.327,1.0,806.0,0.41364947,34.005558,22020.0,70.92595
19.708,19.708,0.0,19.708,19.708,1.0,807.0,0.42298684,63.52261,22020.0,76.80952
20.047,20.341,110.0,20.047,20.341,0.0,808.0,0.47179416,105.35859,22130.0,100.0
19.549,19.549,120.0,19.549,19.549,0.0,809.0,0.445496,23.15989,22010.0,56.146183
18.301,18.961,150.0,18.301,18.956,0.0,810.0,0.37575004,-99.88618,21860.0,31.367668
18.611,18.611,100.0,18.29,18.29,0.0,811.0,0.26764944,-141.32109,21760.0,0.0
18.077,18.077,1995.0,17.589,18.016,0.0,812.0,0.15996929,-151.65935,19765.0,0.0
16.901,16.901,0.0,16.901,16.901,1.0,814.0,-0.119201474,-137.968,19315.0,0.0
17.148,17.192,135.0,17.148,17.192,0.0,815.0,-0.20274709,-99.94326,19450.0,20.697008
16.544,16.544,0.0,16.544,16.544,0.0,816.0,-0.31314102,-113.45555,19450.0,22.593195
16.352,16.352,0.0,16.352,16.352,1.0,817.0,-0.40940294,-102.525375,19450.0,25.729464
16.463,16.463,0.0,16.463,16.463,1.0,818.0,-0.47110343,-82.606224,19450.0,11.671928
17.666,17.666,151.0,17.666,17.666,0.0,819.0,-0.4244997,-18.013695,19601.0,87.25093
16.953,16.953,0.0,16.953,16.953,0.0,820.0,-0.43564826,-46.593967,19601.0,64.824844
16.4,16.624,100.0,16.4,16.624,0.0,821.0,-0.46326044,-59.330837,19501.0,53.585773
16.623,16.623,0.0,16.623,16.623,1.0,822.0,-0.47912773,-51.13105,19501.0,0.0
17.505,17.505,50.0,17.505,17.505,0.0,823.0,-0.42045057,25.398542,19551.0,72.77228
17.0,17.0,0.0,17.0,17.0,0.0,825.0,-0.40247175,2.3425882,19551.0,60.583965
16.831,16.831,0.0,16.831,16.831,0.0,826.0,-0.3952339,-12.775032,19551.0,18.445726
16.406,16.406,0.0,16.406,16.406,1.0,827.0,-0.41611966,-72.677124,19551.0,24.905235
16.64,16.64,0.0,16.64,16.64,0.0,828.0,-0.40997702,-30.232615,19551.0,28.260809
16.611,16.611,0.0,16.611,16.611,1.0,829.0,-0.40229082,-29.063795,19551.0,34.011627
16.932,16.932,0.0,16.932,16.932,0.0,830.0,-0.36765158,21.056353,19551.0,95.03434
16.4,16.4,510.0,15.894,15.894,1.0,831.0,-0.41281357,-115.233986,19041.0,23.12678
15.977,15.977,0.0,15.977,15.977,0.0,832.0,-0.43676043,-111.02991,19041.0,28.016626
15.468,15.468,0.0,15.468,15.468,0.0,833.0,-0.4876143,-149.21242,19041.0,5.0920386
15.467,15.467,0.0,15.467,15.467,0.0,834.0,-0.52127457,-118.67774,19041.0,13.996649
15.273,15.273,112.0,15.254,15.254,1.0,835.0,-0.5567913,-114.69361,18929.0,0.0
15.394,15.394,0.0,15.394,15.394,0.0,836.0,-0.56724846,-86.16663,18929.0,39.548004
15.347,15.347,0.0,15.347,15.347,0.0,837.0,-0.5718782,-81.4247,18929.0,35.000034
15.269,15.269,0.0,15.269,15.269,1.0,838.0,-0.5742037,-76.895966,18929.0,52.83025
15.399,15.399,0.0,15.399,15.399,1.0,839.0,-0.559347,-56.022858,18929.0,50.980415
15.773,15.773,0.0,15.773,15.773,0.0,840.0,-0.51327884,-9.700282,18929.0,86.59792
15.66,15.66,0.0,15.66,15.66,0.0,841.0,-0.47944394,-17.148518,18929.0,81.68558
15.347,15.347,0.0,15.347,15.347,0.0,842.0,-0.47031772,-47.011105,18929.0,46.749992
15.03,15.03,0.0,15.03,15.03,1.0,843.0,-0.48083404,-79.499954,18929.0,0.0
15.061,15.061,0.0,15.061,15.061,0.0,844.0,-0.48081338,-87.915886,18929.0,4.6898828
14.98,14.98,0.0,14.98,14.98,0.0,845.0,-0.4808612,-97.238945,18929.0,7.226125
14.4,14.4,0.0,14.4,14.4,1.0,846.0,-0.5178109,-173.6087,18929.0,4.479786
14.64,14.64,0.0,14.64,14.64,1.0,847.0,-0.5224786,-103.62581,18929.0,26.637121
15.229,15.229,0.0,15.229,15.229,0.0,848.0,-0.47618634,5.45506,18929.0,58.83607
14.96,14.96,50.0,14.943,14.943,1.0,849.0,-0.45540887,-41.22667,18879.0,74.34977
14.986,14.986,0.0,14.986,14.986,0.0,850.0,-0.430454,-29.410269,18879.0,68.8453
14.916,14.916,0.0,14.916,14.916,0.0,851.0,-0.41089886,-36.528244,18879.0,10.776993
14.5,14.5,0.0,14.5,14.5,0.0,852.0,-0.4213388,-94.01101,18879.0,8.128582
14.425,14.425,0.0,14.425,14.425,1.0,853.0,-0.4298186,-90.143234,18879.0,0.0
14.729,15.21,100.0,14.729,15.21,0.0,854.0,-0.3731605,20.374647,18979.0,61.520363
14.825,14.825,0.0,14.825,14.825,1.0,855.0,-0.3528924,-12.926484,18979.0,63.052204
14.855,14.855,0.0,14.855,14.855,0.0,856.0,-0.3305558,2.3078878,18979.0,67.91664
14.67,14.67,0.0,14.67,14.67,0.0,857.0,-0.32276076,-39.25299,18979.0,4.9999604
14.493,14.493,0.0,14.493,14.493,1.0,858.0,-0.32579094,-73.73222,18979.0,7.653008
14.499,14.995,1617.0,14.499,14.995,1.0,859.0,-0.28706932,15.939097,20596.0,58.10188
14.64,15.0,500.0,14.64,15.0,0.0,860.0,-0.25302362,22.103546,21096.0,74.1228
14.553,14.553,0.0,14.553,14.553,1.0,861.0,-0.25641543,-68.67909,21096.0,53.144676
14.697,14.697,0.0,14.697,14.697,1.0,862.0,-0.24526615,-20.451843,21096.0,24.99992
14.804,14.804,0.0,14.804,14.804,0.0,863.0,-0.22566664,18.798063,21096.0,35.959858
14.718,14.718,0.0,14.718,14.718,1.0,864.0,-0.21398248,-4.2391205,21096.0,74.48078
14.961,14.961,0.0,14.961,14.961,1.0,865.0,-0.18430856,81.17884,21096.0,80.27534
15.357,15.357,0.0,15.357,15.357,1.0,866.0,-0.12969707,157.38762,21096.0,88.13799
15.455,15.455,0.0,15.455,15.455,0.0,867.0,-0.07835096,143.7995,21096.0,100.0
15.283,15.283,0.0,15.283,15.283,0.0,868.0,-0.050117202,91.394905,21096.0,74.174164
14.943,14.943,0.0,14.943,14.943,1.0,869.0,-0.052629188,11.522739,21096.0,16.065514
15.341,15.341,0.0,15.341,15.341,1.0,870.0,-0.024546174,87.82601,21096.0,43.736244
15.197,15.858,135.0,15.197,15.858,1.0,871.0,0.035795957,119.88636,21231.0,72.908356
15.947,15.947,0.0,15.947,15.947,0.0,872.0,0.088901706,138.75142,21231.0,100.0
15.869,15.869,0.0,15.869,15.869,1.0,873.0,0.12338838,103.68272,21231.0,88.5966
15.952,15.952,0.0,15.952,15.952,0.0,874.0,0.15484548,96.82479,21231.0,68.80012
15.864,15.864,0.0,15.864,15.864,1.0,875.0,0.17092942,74.68319,21231.0,33.333332
15.921,15.921,0.0,15.921,15.921,0.0,876.0,0.18555556,72.89636,21231.0,61.40342
15.935,16.364,2.0,15.935,16.364,0.0,878.0,0.22787477,102.56827,21233.0,88.580315
15.803,15.803,300.0,15.732,15.732,0.0,879.0,0.20851158,16.248623,20933.0,42.27313
15.653,15.653,0.0,15.653,15.653,0.0,880.0,0.18503788,-7.761301,20933.0,42.10097
15.507,15.507,0.0,15.507,15.507,0.0,881.0,0.15370561,-37.76932,20933.0,0.0
15.311,15.311,0.0,15.311,15.311,0.0,882.0,0.11294901,-77.9841,20933.0,0.0
14.947,14.947,0.0,14.947,14.947,1.0,883.0,0.052951407,-151.7491,20933.0,0.0
15.029,15.029,0.0,15.029,15.029,1.0,884.0,0.01164931,-118.24942,20933.0,12.772676
15.147,15.147,0.0,15.147,15.147,0.0,885.0,-0.011932313,-84.140915,20933.0,35.46106
14.844,14.844,0.0,14.844,14.844,0.0,886.0,-0.05251826,-110.39672,20933.0,39.761486
14.5,14.5,1000.0,14.5,14.5,0.0,887.0,-0.108869545,-126.74884,19933.0,15.424833
14.256,14.256,0.0,14.256,14.256,0.0,888.0,-0.16941541,-125.1401,19933.0,0.0
14.245,14.245,0.0,14.245,14.245,1.0,889.0,-0.21527521,-104.49443,19933.0,0.0
14.297,14.297,0.0,14.297,14.297,1.0,890.0,-0.24448577,-85.00743,19933.0,16.938116
14.565,14.565,0.0,14.565,14.565,1.0,892.0,-0.2431237,-42.754665,19933.0,100.0
15.023,15.023,0.0,15.023,15.023,0.0,893.0,-0.2035146,25.387854,19933.0,100.0
14.826,14.826,0.0,14.826,14.826,1.0,894.0,-0.18472332,6.3472953,19933.0,71.28282
15.626,15.626,0.0,15.626,15.626,1.0,896.0,-0.06828808,134.15253,19933.0,80.24076
15.626,15.945,200.0,15.626,15.945,0.0,897.0,0.007953263,131.1269,20133.0,100.0
15.71,15.71,0.0,15.71,15.71,1.0,898.0,0.04985251,97.856926,20133.0,74.11895
15.841,15.841,0.0,15.841,15.841,0.0,899.0,0.091529705,98.360115,20133.0,65.693405
15.841,15.841,0.0,15.549,15.549,0.0,900.0,0.10128422,67.41914,20133.0,19.908777
14.839,14.839,0.0,14.839,14.839,0.0,901.0,0.055200383,-21.596586,20133.0,11.562192
14.835,14.835,0.0,14.835,14.835,0.0,902.0,0.018351138,-28.327005,20133.0,0.0
14.581,14.581,0.0,14.581,14.581,1.0,903.0,-0.029317344,-64.19824,20133.0,0.0
14.66,14.66,0.0,14.66,14.66,0.0,904.0,-0.060230784,-61.516014,20133.0,23.442068
14.28,14.28,0.0,14.28,14.28,1.0,905.0,-0.111615956,-103.59141,20133.0,11.079886
14.579,14.579,0.0,14.579,14.579,1.0,906.0,-0.12816355,-66.54325,20133.0,49.868084
14.774,14.774,0.0,14.774,14.774,1.0,907.0,-0.12506783,-39.401096,20133.0,56.521755
14.821,14.821,0.0,14.821,14.821,0.0,908.0,-0.11764787,-33.547745,20133.0,100.0
14.45,14.45,0.0,14.45,14.45,0.0,909.0,-0.13782069,-69.08837,20133.0,39.47792
13.987,13.987,0.0,13.987,13.987,1.0,911.0,-0.22119339,-93.34462,19633.0,0.0
14.413,14.413,0.0,14.413,14.413,0.0,912.0,-0.21445198,-36.939713,19633.0,47.919025
14.046,14.046,0.0,14.046,14.046,1.0,913.0,-0.23366624,-81.90258,19633.0,53.65237
14.319,14.319,0.0,14.319,14.319,0.0,914.0,-0.22558786,-35.182526,19633.0,65.57221
14.255,14.255,0.0,14.255,14.255,1.0,915.0,-0.22124884,-42.120064,19633.0,38.77843
14.431,14.431,0.0,14.431,14.431,0.0,916.0,-0.20215112,6.313504,19633.0,87.52435
14.329,14.329,0.0,14.329,14.329,0.0,917.0,-0.19232853,-15.4002905,19633.0,51.462025
13.958,13.958,0.0,13.958,13.958,0.0,918.0,-0.20971183,-94.63142,19633.0,27.118622
13.77,13.77,0.0,13.77,13.77,1.0,919.0,-0.23454607,-115.09172,19633.0,0.0
13.787,13.787,0.0,13.787,13.787,0.0,920.0,-0.2497365,-93.86535,19633.0,2.9512615
13.705,13.72,100.0,13.705,13.72,0.0,921.0,-0.26343566,-95.902565,19533.0,6.2497587
13.445,13.445,0.0,13.445,13.445,0.0,922.0,-0.29116535,-133.94334,19533.0,4.7351756
13.029,13.029,0.0,13.029,13.029,1.0,923.0,-0.33988824,-157.49185,19533.0,0.0
13.126,13.126,0.0,13.126,13.126,1.0,924.0,-0.3664708,-113.504684,19533.0,12.309658
13.545,13.545,0.0,13.545,13.545,0.0,925.0,-0.3517124,-46.589573,19533.0,55.36483
13.365,13.365,0.0,13.365,13.365,0.0,926.0,-0.3491871,-63.07069,19533.0,74.13789
13.226,13.226,0.0,13.226,13.226,0.0,927.0,-0.3531882,-72.09241,19533.0,56.77503
12.932,12.932,0.0,12.932,12.932,0.0,928.0,-0.37366667,-96.87943,19533.0,0.0
12.823,12.823,0.0,12.823,12.823,0.0,929.0,-0.3930587,-95.739136,19533.0,0.0
12.725,12.725,1300.0,12.725,12.725,1.0,930.0,-0.41055384,-98.18223,18233.0,0.0
12.916,12.916,0.0,12.916,12.916,1.0,931.0,-0.4050156,-65.66255,18233.0,47.989975
13.091,13.091,0.0,13.091,13.091,1.0,932.0,-0.38279644,-29.473232,18233.0,78.87935
13.983,13.983,0.0,13.983,13.983,1.0,933.0,-0.29491755,124.0051,18233.0,100.0
14.056,14.056,0.0,14.056,14.056,1.0,934.0,-0.2174867,122.72434,18233.0,100.0
14.284,14.284,0.0,14.284,14.284,1.0,935.0,-0.13769601,131.45316,18233.0,100.0
14.537,14.537,0.0,14.537,14.537,0.0,936.0,-0.055204306,129.29268,18233.0,100.0
14.036,14.036,0.0,14.036,14.036,1.0,938.0,0.0021044598,52.80929,18233.0,33.55434
14.178,14.178,0.0,14.178,14.178,1.0,939.0,0.027985722,61.063698,18233.0,22.084024
14.441,14.441,0.0,14.441,14.441,0.0,941.0,0.0909774,67.66601,18233.0,100.0
14.058,14.058,0.0,14.058,14.058,1.0,942.0,0.08611235,23.60911,18233.0,40.71201
14.618,14.618,0.0,14.618,14.618,0.0,943.0,0.12261914,72.8498,18233.0,63.454174
14.523,14.523,0.0,14.523,14.523,1.0,944.0,0.14251369,57.699238,18233.0,53.94989
14.855,14.855,153.0,14.573,14.573,0.0,945.0,0.15993915,76.52752,18386.0,86.5248
14.443,14.443,0.0,14.443,14.443,0.0,946.0,0.16193572,38.399605,18386.0,18.18185
14.369,14.369,0.0,14.369,14.369,0.0,947.0,0.15603232,10.145881,18386.0,19.685137
14.16,14.16,0.0,14.16,14.16,1.0,948.0,0.13408248,-60.078537,18386.0,0.0
14.615,14.615,0.0,14.615,14.615,0.0,949.0,0.14894512,76.50656,18386.0,61.653114
14.543,14.543,0.0,14.543,14.543,0.0,950.0,0.15336506,54.012505,18386.0,61.820637
14.509,14.509,0.0,14.509,14.509,1.0,951.0,0.15240744,36.85371,18386.0,81.10517
14.656,15.159,65.0,14.656,15.159,1.0,952.0,0.19778623,147.958,18451.0,85.97885
15.101,15.35,450.0,15.101,15.35,1.0,953.0,0.24478218,157.99301,18901.0,96.11424
15.506,15.506,0.0,15.506,15.506,1.0,954.0,0.28987396,149.28738,18901.0,100.0
15.558,15.558,0.0,15.558,15.558,1.0,955.0,0.3252485,123.43416,18901.0,100.0
15.761,15.88,500.0,15.761,15.88,0.0,956.0,0.37256166,131.16132,19401.0,100.0
15.555,15.555,0.0,15.555,15.555,1.0,957.0,0.3808078,80.67892,19401.0,53.50506
15.555,16.035,0.0,15.555,16.035,0.0,958.0,0.41798633,99.5166,19401.0,71.16239
15.961,15.961,0.0,15.961,15.961,1.0,959.0,0.43631938,91.85457,19401.0,54.607533
16.565,16.565,0.0,16.565,16.565,0.0,961.0,0.5175823,106.80989,19401.0,89.085625
16.254,16.254,0.0,16.254,16.254,1.0,962.0,0.5178453,70.642265,19401.0,66.01087
16.471,16.471,0.0,16.471,16.471,0.0,963.0,0.5277012,80.331795,19401.0,53.37331
16.052,16.052,0.0,16.052,16.052,1.0,964.0,0.4979373,31.43869,19401.0,22.91451
16.261,16.261,0.0,16.261,16.261,1.0,965.0,0.4840726,50.70199,19401.0,50.4142
16.122,16.122,0.0,16.122,16.122,1.0,967.0,0.44047192,13.04074,19401.0,58.215954
16.529,16.529,0.0,16.529,16.529,0.0,968.0,0.44196263,80.23032,19401.0,71.47438
16.473,16.473,0.0,16.473,16.473,0.0,969.0,0.4335482,61.914978,19401.0,63.49459
16.259,16.259,0.0,16.259,16.259,1.0,971.0,0.3897755,-8.049456,19401.0,0.0
16.752,16.752,0.0,16.752,16.752,0.0,972.0,0.39822918,124.9967,19401.0,69.73138
16.294,16.294,200.0,15.878,15.878,0.0,973.0,0.33536714,-107.25032,19201.0,31.765465
15.814,15.814,0.0,15.814,15.814,1.0,974.0,0.27757773,-131.06625,19201.0,34.451416
15.272,16.157,70.0,15.272,16.157,0.0,975.0,0.25450373,-99.27361,19271.0,26.775911
15.24,15.24,0.0,15.24,15.24,0.0,977.0,0.08636947,-120.59791,19271.0,31.459929
14.85,14.85,0.0,14.85,14.85,1.0,978.0,0.00303482,-133.80923,19271.0,9.02822
15.113,15.113,0.0,15.113,15.113,0.0,979.0,-0.042453848,-87.5129,19271.0,51.066513
15.03,15.03,0.0,15.03,15.03,0.0,980.0,-0.08347176,-82.33516,19271.0,35.733677
14.929,14.929,0.0,14.929,14.929,0.0,981.0,-0.121833734,-79.53815,19271.0,58.836643
14.873,14.873,0.0,14.873,14.873,0.0,982.0,-0.15433294,-73.79349,19271.0,0.0
14.515,14.515,0.0,14.515,14.515,0.0,983.0,-0.20416974,-93.35115,19271.0,0.0
14.469,14.469,0.0,14.469,14.469,0.0,984.0,-0.24384986,-85.33974,19271.0,0.0
14.341,14.341,0.0,14.341,14.341,0.0,985.0,-0.28119043,-85.1178,19271.0,0.0
14.34,14.34,0.0,14.34,14.34,0.0,986.0,-0.3068716,-84.22105,19271.0,0.0
14.139,14.139,0.0,14.139,14.139,1.0,987.0,-0.33792964,-97.59304,19271.0,0.0
14.574,14.574,0.0,14.574,14.574,1.0,988.0,-0.32582486,-34.95481,19271.0,68.28891
14.913,15.55,0.0,14.913,15.55,1.0,989.0,-0.24031779,99.808586,19271.0,87.531006
15.75,15.75,0.0,15.75,15.75,0.0,990.0,-0.15602684,136.97157,19271.0,100.0
15.75,15.75,200.0,15.565,15.565,0.0,991.0,-0.10215082,105.85439,19071.0,86.40702
14.338,14.338,0.0,14.338,14.338,1.0,992.0,-0.14956234,-62.224464,19071.0,12.4069395
14.78,14.78,0.0,14.78,14.78,0.0,993.0,-0.15198967,-1.1627975,19071.0,23.840326
14.679,14.679,0.0,14.679,14.679,1.0,994.0,-0.15946706,-11.362561,19071.0,24.97174
14.876,14.876,0.0,14.876,14.876,1.0,995.0,-0.14877751,15.6199665,19071.0,86.35137
15.11,15.11,0.0,15.11,15.11,1.0,996.0,-0.121345066,44.09514,19071.0,81.01505
15.138,15.138,0.0,15.138,15.138,0.0,997.0,-0.0964288,41.69596,19071.0,100.0
15.014,15.014,0.0,15.014,15.014,0.0,998.0,-0.08500252,20.581404,19071.0,67.87565
14.976,14.976,0.0,14.976,14.976,1.0,999.0,-0.077867575,9.870073,19071.0,14.736811
15.027,15.027,0.0,15.027,15.027,1.0,1000.0,-0.06758873,10.78089,19071.0,23.943909
15.473,15.473,0.0,15.473,15.473,0.0,1001.0,-0.025819859,70.555275,19071.0,92.89717
14.939,14.939,0.0,14.939,14.939,1.0,1002.0,-0.032420423,-24.19263,19071.0,48.20564
15.006,15.006,0.0,15.006,15.006,0.0,1003.0,-0.032212038,-8.342882,19071.0,48.997093
14.84,14.84,0.0,14.84,14.84,1.0,1004.0,-0.043911777,-31.286924,19071.0,8.735278
15.027,15.027,0.0,15.027,15.027,1.0,1005.0,-0.038669873,21.529669,19071.0,60.476246
15.309,15.309,0.0,15.309,15.309,0.0,1006.0,-0.013288731,96.003914,19071.0,73.85833
14.93,14.93,0.0,14.93,14.93,1.0,1007.0,-0.021354605,-32.251213,19071.0,55.306614
14.95,14.95,0.0,14.95,14.95,1.0,1008.0,-0.025893863,-36.737137,19071.0,44.346493
14.95,14.95,0.0,14.95,14.95,1.0,1009.0,-0.02910881,-39.86163,19071.0,5.012417
14.95,14.95,0.0,14.95,14.95,1.0,1010.0,-0.03125326,-35.05901,19071.0,100.0
14.95,14.95,0.0,14.95,14.95,1.0,1011.0,-0.032537974,-29.897326,19071.0,NaN
14.95,14.95,0.0,14.95,14.95,1.0,1012.0,-0.03313761,-27.86005,19071.0,NaN
14.95,14.95,0.0,14.95,14.95,1.0,1015.0,-0.03214742,-16.00568,19071.0,NaN
15.16,15.16,0.0,15.16,15.16,1.0,1016.0,-0.015709693,98.26816,19071.0,100.0
15.451,15.451,0.0,15.451,15.451,0.0,1017.0,0.018769054,169.60873,19071.0,100.0
14.95,14.95,0.0,14.95,14.95,1.0,1018.0,0.008381477,-33.204803,19071.0,50.0
14.998,14.998,0.0,14.998,14.998,1.0,1020.0,-0.0026409337,-2.2611306,19071.0,8.743218
15.021,15.021,0.0,15.021,15.021,1.0,1021.0,-0.0031153078,5.5954123,19071.0,100.0
15.036,15.036,0.0,15.036,15.036,0.0,1022.0,-0.0023385296,9.891464,19071.0,100.0
14.84,14.84,0.0,14.84,14.84,0.0,1023.0,-0.01617891,-76.73398,19071.0,16.239347
14.529,14.529,0.0,14.529,14.529,0.0,1024.0,-0.04972013,-154.22964,19071.0,2.8736272
14.445,14.445,0.0,14.445,14.445,0.0,1025.0,-0.08142187,-137.49539,19071.0,0.0
14.329,14.329,0.0,14.329,14.329,0.0,1027.0,-0.14155182,-102.585846,19071.0,21.264439
13.856,13.856,151.0,13.856,13.856,1.0,1028.0,-0.19219418,-142.82393,18920.0,10.040748
13.866,13.866,0.0,13.866,13.866,1.0,1029.0,-0.22851336,-113.44732,18920.0,15.080865
14.247,14.247,0.0,14.247,14.247,0.0,1030.0,-0.22583862,-52.853325,18920.0,45.25459
14.087,14.087,0.0,14.087,14.087,0.0,1031.0,-0.23279224,-67.774124,18920.0,70.9619
13.425,13.425,0.0,13.425,13.425,1.0,1032.0,-0.2842264,-130.98488,18920.0,31.67081
13.627,13.627,0.0,13.627,13.627,1.0,1033.0,-0.3058508,-89.027596,18920.0,19.726545
14.249,14.249,0.0,14.249,14.249,1.0,1034.0,-0.272988,-3.1927018,18920.0,55.450867
14.391,14.391,0.0,14.391,14.391,0.0,1035.0,-0.23355952,24.894785,18920.0,100.0
14.083,14.083,0.0,14.083,14.083,1.0,1036.0,-0.22273599,-13.652197,18920.0,71.268684
14.159,14.159,0.0,14.159,14.159,0.0,1037.0,-0.2059566,10.193878,18920.0,41.444942
14.05,14.05,600.0,14.05,14.05,1.0,1038.0,-0.19840887,-5.9964876,18320.0,15.415864
14.189,14.189,0.0,14.189,14.189,1.0,1039.0,-0.1798267,31.656256,18320.0,66.358
14.245,14.99,151.0,14.245,14.99,0.0,1041.0,-0.08085829,131.6649,18471.0,100.0
13.82,13.82,0.0,13.82,13.82,0.0,1042.0,-0.11048183,-54.570736,18471.0,40.639256
13.659,13.659,0.0,13.659,13.659,1.0,1043.0,-0.14407201,-80.389305,18471.0,33.048286
13.701,13.701,0.0,13.701,13.701,1.0,1044.0,-0.16534597,-62.969524,18471.0,3.0589833
13.844,13.914,100.0,13.844,13.914,0.0,1045.0,-0.16414271,-24.6488,18571.0,61.298103
13.842,13.842,0.0,13.842,13.842,1.0,1046.0,-0.16650268,-44.015846,18571.0,77.981705
14.358,14.358,0.0,14.358,14.358,1.0,1048.0,-0.102155104,55.352192,18571.0,87.755165
14.541,14.541,0.0,14.541,14.541,1.0,1049.0,-0.06165866,89.27941,18571.0,100.0
14.68,14.68,0.0,14.68,14.68,1.0,1050.0,-0.019110251,99.06411,18571.0,100.0
14.907,14.907,0.0,14.907,14.907,1.0,1051.0,0.031010276,114.7324,18571.0,100.0
15.01,15.01,0.0,15.01,15.01,0.0,1052.0,0.07725172,107.41338,18571.0,100.0
14.844,14.844,0.0,14.844,14.844,1.0,1053.0,0.100039616,72.37302,18571.0,66.5322
14.845,15.706,16.0,14.845,15.706,0.0,1054.0,0.18020329,121.13912,18587.0,85.32271
14.479,14.479,0.0,14.479,14.479,1.0,1055.0,0.14978048,11.18963,18587.0,38.226166
14.6,14.6,0.0,14.6,14.6,1.0,1056.0,0.13318945,19.929243,18587.0,44.479652
14.6,14.6,0.0,14.6,14.6,1.0,1057.0,0.11863472,12.625544,18587.0,8.976279
14.6,14.6,0.0,14.6,14.6,1.0,1058.0,0.105844304,4.186263,18587.0,100.0
14.635,14.635,0.0,14.635,14.635,0.0,1059.0,0.09716936,1.4516196,18587.0,100.0
14.6,14.6,0.0,14.6,14.6,1.0,1061.0,0.07736939,-26.338709,18587.0,50.0
14.6,14.6,0.0,14.6,14.6,1.0,1062.0,0.069203675,-32.751286,18587.0,0.0
14.6,14.6,0.0,14.6,14.6,1.0,1063.0,0.061995246,-34.26564,18587.0,NaN
14.6,14.6,0.0,14.6,14.6,1.0,1064.0,0.055620737,-32.446075,18587.0,NaN
14.6,14.6,0.0,14.6,14.6,0.0,1065.0,0.049973868,-27.018404,18587.0,NaN
14.149,14.149,0.0,14.149,14.149,1.0,1066.0,0.0116583025,-121.79052,18587.0,0.0
14.217,14.217,0.0,14.217,14.217,0.0,1067.0,-0.013290852,-88.74492,18587.0,13.102087
14.121,14.121,0.0,14.121,14.121,1.0,1068.0,-0.039638437,-134.99289,18587.0,11.056889
14.232,14.232,0.0,14.232,14.232,0.0,1069.0,-0.051464237,-83.263664,18587.0,65.090965
14.418,14.418,0.0,14.418,14.418,0.0,1071.0,-0.05681865,-6.1065598,18587.0,82.35289
14.215,14.215,0.0,14.215,14.215,0.0,1072.0,-0.06394852,-60.82478,18587.0,48.457333
13.8,13.8,0.0,13.8,13.8,1.0,1075.0,-0.13410604,-108.46175,18587.0,5.3764544
13.8,13.8,0.0,13.8,13.8,1.0,1076.0,-0.14998235,-92.95104,18587.0,7.5302763
13.965,13.965,0.0,13.965,13.965,1.0,1077.0,-0.14831088,-46.87191,18587.0,100.0
14.125,14.125,0.0,14.125,14.125,1.0,1078.0,-0.13336898,2.050276,18587.0,100.0
14.432,14.432,0.0,14.432,14.432,1.0,1079.0,-0.09742504,104.25383,18587.0,100.0
14.535,14.535,0.0,14.535,14.535,1.0,1080.0,-0.06063886,112.42879,18587.0,100.0
14.738,14.738,0.0,14.738,14.738,1.0,1081.0,-0.016265132,131.45648,18587.0,100.0
14.964,14.964,0.0,14.964,14.964,0.0,1082.0,0.035167515,137.09044,18587.0,100.0
14.56,14.56,0.0,14.56,14.56,0.0,1083.0,0.044939224,55.500355,18587.0,51.500637
14.335,14.335,0.0,14.335,14.335,1.0,1084.0,0.03537761,12.290176,18587.0,26.432743
14.399,14.399,0.0,14.399,14.399,0.0,1085.0,0.032225013,24.215002,18587.0,9.23523
14.318,14.318,0.0,14.318,14.318,1.0,1086.0,0.023392655,8.1209,18587.0,17.297293
14.39,14.39,0.0,14.39,14.39,1.0,1087.0,0.021546056,17.380602,18587.0,62.672825
14.39,15.4,0.0,14.39,15.4,1.0,1088.0,0.09442793,117.5255,18587.0,93.035225
15.4,15.4,0.0,15.4,15.4,1.0,1089.0,0.15000148,139.13547,18587.0,100.0
15.4,15.4,0.0,15.4,15.4,1.0,1090.0,0.19141717,118.24584,18587.0,100.0
15.4,15.4,0.0,15.4,15.4,0.0,1091.0,0.2213018,101.912926,18587.0,NaN
14.925,14.925,0.0,14.925,14.925,1.0,1092.0,0.20676523,24.047441,18587.0,0.0
15.534,15.534,0.0,15.534,15.534,0.0,1093.0,0.2378766,101.3441,18587.0,56.18085
15.46,15.46,0.0,15.46,15.46,0.0,1094.0,0.25370324,77.47772,18587.0,52.59069
15.296,15.296,0.0,15.296,15.296,0.0,1096.0,0.2541491,41.020706,18587.0,0.0
15.232,15.232,0.0,15.232,15.232,0.0,1097.0,0.24005675,26.469204,18587.0,0.0
14.948,14.948,0.0,14.948,14.948,1.0,1098.0,0.20515952,-21.421904,18587.0,0.0
14.988,14.988,0.0,14.988,14.988,1.0,1099.0,0.17842217,-24.326054,18587.0,10.309281
15.187,15.187,0.0,15.187,15.187,1.0,1100.0,0.17010762,-0.85663044,18587.0,45.697895
15.429,15.429,0.0,15.429,15.429,0.0,1101.0,0.17941216,52.261738,18587.0,100.0
15.389,15.389,0.0,15.389,15.389,1.0,1102.0,0.1814934,33.055912,18587.0,91.684
15.62,15.62,0.0,15.62,15.62,1.0,1103.0,0.19793826,95.74018,18587.0,92.20273
15.901,15.901,0.0,15.901,15.901,1.0,1104.0,0.22905457,137.7908,18587.0,92.75363
16.194,16.849,70.0,16.194,16.849,0.0,1105.0,0.3204645,182.41444,18657.0,100.0
16.479,16.479,0.0,16.479,16.479,1.0,1106.0,0.3603563,126.49301,18657.0,76.86051
16.657,16.657,0.0,16.657,16.657,1.0,1107.0,0.40011996,119.594986,18657.0,75.26734
17.256,17.256,0.0,17.256,17.256,1.0,1108.0,0.4703838,139.31235,18657.0,67.7419
17.287,17.287,0.0,17.287,17.287,0.0,1109.0,0.5215814,114.01477,18657.0,100.0
16.617,16.617,0.0,16.617,16.617,1.0,1110.0,0.5055404,51.901024,18657.0,48.46158
16.781,16.781,0.0,16.781,16.781,1.0,1111.0,0.49894175,56.414257,18657.0,22.543324
16.153,17.442,2975.0,16.153,17.442,0.0,1112.0,0.5364764,65.99007,21632.0,55.18391
16.167,16.167,0.0,16.167,16.167,1.0,1113.0,0.4649391,-14.017449,21632.0,39.285686
16.204,16.204,0.0,16.204,16.204,0.0,1114.0,0.40626007,-19.5211,21632.0,35.3776
16.138,16.138,0.0,16.138,16.138,1.0,1115.0,0.35070673,-35.11033,21632.0,2.685098
16.269,16.269,0.0,16.269,16.269,0.0,1116.0,0.31281796,-31.699844,21632.0,71.794785
16.11,16.11,0.0,16.11,16.11,0.0,1117.0,0.26773152,-65.29446,21632.0,36.797665
15.781,15.781,0.0,15.781,15.781,1.0,1118.0,0.20504287,-110.70081,21632.0,21.163025
16.004,16.004,0.0,16.004,16.004,0.0,1119.0,0.17018622,-68.0251,21632.0,31.36428
15.989,15.989,0.0,15.989,15.989,0.0,1120.0,0.13984942,-62.747627,21632.0,39.32977
15.49,15.49,0.0,15.49,15.49,0.0,1121.0,0.07766289,-106.88896,21632.0,30.257765
15.342,15.342,0.0,15.342,15.342,1.0,1122.0,0.017368007,-108.412506,21632.0,0.0
16.179,16.179,0.0,16.179,16.179,1.0,1123.0,0.03202629,4.4565825,21632.0,56.40163
16.456,16.456,0.0,16.456,16.456,1.0,1124.0,0.06349831,48.208122,21632.0,88.27259
16.779,16.779,0.0,16.779,16.779,0.0,1125.0,0.11106885,97.13934,21632.0,100.0
16.635,16.635,0.0,16.635,16.635,0.0,1126.0,0.1360999,89.32712,21632.0,80.64522
16.56,16.56,0.0,16.56,16.56,0.0,1127.0,0.14837202,68.61998,21632.0,59.59411
16.525,16.525,0.0,16.525,16.525,1.0,1128.0,0.15351468,57.40833,21632.0,0.0
18.045,18.045,100.0,18.045,18.045,0.0,1129.0,0.2678748,177.37607,21732.0,93.2515
16.397,16.397,0.0,16.397,16.397,1.0,1130.0,0.23190434,9.17183,21732.0,47.45551
16.335,17.458,25.0,16.335,17.458,0.0,1131.0,0.27939934,68.78245,21757.0,61.03098
16.11,16.11,0.0,16.11,16.11,1.0,1132.0,0.21338902,-28.84965,21757.0,26.152342
17.079,17.079,0.0,17.079,17.079,1.0,1133.0,0.23093311,58.91116,21757.0,60.094746
17.2,18.054,166.0,17.2,17.799,0.0,1134.0,0.29491743,98.30918,21923.0,55.61409
17.399,17.399,0.0,17.399,17.399,1.0,1135.0,0.3115586,64.12132,21923.0,80.85209
17.672,17.672,0.0,17.672,17.672,0.0,1136.0,0.34083858,84.91429,21923.0,71.28502
17.503,17.503,0.0,17.503,17.503,0.0,1137.0,0.34695694,57.642937,21923.0,32.42285
17.181,17.181,0.0,17.181,17.181,1.0,1138.0,0.3236711,15.764762,21923.0,35.73299
17.87,17.87,0.0,17.87,17.87,1.0,1139.0,0.35244042,82.491745,21923.0,58.389812
18.399,18.399,0.0,18.399,18.399,0.0,1140.0,0.40956306,113.83861,21923.0,79.09089
18.421,18.421,0.0,18.421,18.421,1.0,1144.0,0.50748605,68.23539,21923.0,66.36298
18.44,18.44,0.0,18.44,18.44,1.0,1145.0,0.5051777,60.6719,21923.0,53.5784
18.77,19.109,25.0,18.77,19.109,0.0,1146.0,0.5465661,110.10104,21948.0,58.90412
19.109,19.109,10.0,18.67,18.67,1.0,1147.0,0.53964,79.920525,21938.0,61.047062
18.835,18.835,0.0,18.835,18.835,0.0,1148.0,0.53979117,70.80854,21938.0,65.51451
18.519,18.519,0.0,18.519,18.519,0.0,1149.0,0.5099299,28.860641,21938.0,17.93471
18.317,18.317,0.0,18.317,18.317,1.0,1150.0,0.46549103,-0.7190518,21938.0,24.158028
18.445,18.445,0.0,18.445,18.445,1.0,1151.0,0.43462032,7.6815834,21938.0,19.814285
18.627,18.627,0.0,18.627,18.627,0.0,1152.0,0.41867957,27.115877,21938.0,60.54702
18.509,18.509,0.0,18.509,18.509,1.0,1153.0,0.39240345,-7.2464457,21938.0,72.42999
18.791,18.791,0.0,18.791,18.791,1.0,1154.0,0.38794354,53.323093,21938.0,79.725105
19.648,19.648,0.0,19.648,19.648,1.0,1155.0,0.44298315,181.98222,21938.0,90.612564
19.704,19.704,0.0,19.704,19.704,1.0,1156.0,0.48451263,142.55731,21938.0,100.0
19.37,19.37,0.0,19.37,19.37,1.0,1158.0,0.50271404,63.199177,22328.0,20.425383
19.7,19.7,500.0,19.7,19.7,0.0,1159.0,0.5122409,91.42788,22828.0,49.7312
18.749,18.749,0.0,18.749,18.749,1.0,1160.0,0.44312498,-29.235804,22828.0,19.939587
18.586,18.586,0.0,18.586,18.586,1.0,1162.0,0.33297002,-48.492157,22828.0,13.784127
18.744,18.744,0.0,18.744,18.744,1.0,1163.0,0.28873104,-31.206297,22828.0,49.664356
18.854,18.854,0.0,18.854,18.854,0.0,1165.0,0.23316003,-29.32791,22828.0,95.57807
18.097,18.097,0.0,18.097,18.097,0.0,1166.0,0.15363331,-119.94069,22828.0,13.773895
18.043,18.043,0.0,18.043,18.043,1.0,1168.0,0.029587168,-95.41377,22828.0,4.7936788
18.093,18.093,0.0,18.093,18.093,0.0,1169.0,-0.008408205,-78.00975,22828.0,48.94745
17.916,17.916,0.0,17.916,17.916,1.0,1170.0,-0.050953425,-85.1687,22828.0,34.44454
18.455,18.455,0.0,18.455,18.455,0.0,1171.0,-0.043643083,-18.232864,22828.0,76.89297
17.95,17.95,0.0,17.95,17.95,0.0,1172.0,-0.07470736,-71.068504,22828.0,44.144154
18.239,18.239,0.0,18.239,18.239,0.0,1174.0,-0.09375859,-17.118713,22828.0,36.533722
18.14,18.14,0.0,18.14,18.14,1.0,1175.0,-0.09640684,-26.81669,22828.0,73.9895
18.884,18.884,0.0,18.884,18.884,0.0,1177.0,-0.018287791,109.07049,22828.0,88.25615
18.712,18.712,0.0,18.712,18.712,0.0,1178.0,0.006815163,83.48878,22828.0,81.22266
18.596,18.596,0.0,18.596,18.596,1.0,1179.0,0.017706871,70.245674,22828.0,53.246822
19.332,19.332,0.0,19.332,19.332,1.0,1180.0,0.08031849,154.56166,22828.0,71.87499
20.0,20.0,0.0,20.0,20.0,0.0,1181.0,0.17739987,167.93541,22828.0,92.36846
19.346,19.346,0.0,19.346,19.346,1.0,1182.0,0.20249528,81.3359,22828.0,68.22159
19.755,19.755,0.0,19.755,19.755,1.0,1184.0,0.27060458,92.84623,22828.0,38.47595
20.817,20.817,0.0,20.817,20.817,0.0,1185.0,0.37498897,143.82536,22828.0,100.0
20.573,20.974,86.0,20.573,20.715,0.0,1186.0,0.44410068,114.37295,22742.0,92.66719
20.705,20.705,0.0,20.705,20.705,1.0,1187.0,0.49169716,95.43666,22742.0,90.46001
21.398,21.398,0.0,21.398,21.398,1.0,1188.0,0.573873,118.72585,22742.0,86.08702
21.082,21.735,100.0,21.082,21.735,0.0,1189.0,0.65566677,107.91402,22842.0,99.03844
21.447,21.447,0.0,21.447,21.447,0.0,1190.0,0.6900027,89.10023,22842.0,78.14871
21.021,21.021,0.0,21.021,21.021,1.0,1191.0,0.676781,53.50755,22842.0,32.06467
22.49,22.49,33.0,22.49,22.49,0.0,1193.0,0.7477193,129.25371,22875.0,77.51976
21.449,21.449,0.0,21.449,21.449,0.0,1194.0,0.7276255,48.299355,22875.0,58.525887
21.399,21.399,0.0,21.399,21.399,1.0,1195.0,0.6993356,37.834766,22875.0,56.27254
21.433,21.433,0.0,21.433,21.433,1.0,1196.0,0.67121655,33.54762,22875.0,3.0222576
21.833,21.833,0.0,21.833,21.833,0.0,1197.0,0.6706043,64.81602,22875.0,89.66956
22.082,22.082,0.0,22.082,22.082,0.0,1199.0,0.6599447,86.0969,22875.0,88.67706
21.737,21.737,0.0,21.737,21.737,1.0,1200.0,0.6303045,31.770395,22875.0,43.87751
21.994,21.994,275.0,21.994,21.994,1.0,1201.0,0.61845165,63.77107,23150.0,63.530567
22.31,22.31,0.0,22.31,22.31,1.0,1202.0,0.6249483,97.47927,23150.0,62.418217
22.772,22.772,0.0,22.772,22.772,1.0,1203.0,0.65643096,129.47359,23150.0,100.0
23.138,23.138,0.0,23.138,23.138,1.0,1204.0,0.6998876,133.7836,23150.0,100.0
23.477,23.477,0.0,23.477,23.477,1.0,1205.0,0.7501367,134.60239,23150.0,100.0
23.929,24.372,100.0,23.929,24.372,1.0,1206.0,0.84611356,152.142,23250.0,100.0
23.72,23.72,0.0,23.72,23.72,0.0,1208.0,0.91079164,68.92213,23652.0,56.431976
22.875,22.875,0.0,22.875,22.875,1.0,1209.0,0.8276456,10.421089,23652.0,9.298512
23.833,23.833,0.0,23.833,23.833,1.0,1210.0,0.82347786,64.017334,23652.0,36.481354
23.969,23.969,0.0,23.969,23.969,0.0,1211.0,0.8201414,63.577312,23652.0,56.420853
23.188,23.188,0.0,23.188,23.188,1.0,1212.0,0.7497761,3.2771163,23652.0,58.34666
23.304,23.304,0.0,23.304,23.304,1.0,1214.0,0.64925486,-4.336036,23652.0,20.601246
23.644,23.644,0.0,23.644,23.644,0.0,1215.0,0.62455046,18.88603,23652.0,83.04359
24.297,24.297,0.0,24.297,24.297,1.0,1217.0,0.564361,81.74257,23652.0,67.2816
24.466,24.466,0.0,24.466,24.466,0.0,1218.0,0.5980315,86.48334,23652.0,65.210976
23.894,23.894,0.0,23.894,23.894,0.0,1219.0,0.57464236,18.4887,23652.0,75.49269
23.843,23.843,0.0,23.843,23.843,0.0,1220.0,0.5455962,16.236256,23652.0,21.338278
23.553,23.553,0.0,23.553,23.553,1.0,1222.0,0.45746714,-9.093098,23652.0,0.0
24.463,24.463,0.0,24.463,24.463,1.0,1224.0,0.56517506,69.231766,23752.0,60.759483
24.463,25.167,0.0,24.463,25.167,1.0,1225.0,0.60341144,101.50439,23752.0,69.61595
25.565,25.565,0.0,25.565,25.565,0.0,1226.0,0.6551412,128.06273,23752.0,46.853767
25.435,25.435,5.0,25.435,25.435,1.0,1227.0,0.6777474,97.70787,23747.0,89.44798
25.503,25.503,0.0,25.503,25.503,1.0,1228.0,0.6920256,88.15041,23747.0,78.187836
25.81,28.599,100.0,25.81,28.599,0.0,1229.0,0.92325115,166.88124,23847.0,96.0534
27.061,27.061,0.0,27.061,27.061,1.0,1230.0,0.97831285,114.066734,23847.0,67.29052
27.438,29.656,500.0,27.438,29.656,0.0,1231.0,1.2007662,151.14447,24347.0,78.72458
26.828,27.75,500.0,26.828,27.75,0.0,1233.0,1.2721958,60.47719,23747.0,57.653847
27.75,27.75,0.0,26.69,26.69,1.0,1234.0,1.1641985,38.45788,23747.0,0.0
27.165,28.678,100.0,27.165,28.678,0.0,1235.0,1.2126043,72.59675,23847.0,49.440437
26.782,26.782,0.0,26.782,26.782,1.0,1236.0,1.0953497,8.027632,23847.0,40.21035
26.816,26.816,0.0,26.816,26.816,1.0,1237.0,0.993101,4.105122,23847.0,51.607956
27.431,27.431,0.0,27.431,27.431,1.0,1238.0,0.94669694,26.847746,23847.0,25.500988
27.681,28.403,20.0,27.681,28.403,0.0,1239.0,0.97069997,59.885162,23867.0,100.0
27.165,27.165,0.0,27.165,27.165,0.0,1241.0,0.80720925,-19.267017,23867.0,44.1667
26.051,26.051,0.0,26.051,26.051,1.0,1242.0,0.6556731,-122.536125,23867.0,1.4451575
26.094,27.3,273.0,26.094,27.3,0.0,1243.0,0.62187195,-42.865078,24140.0,53.54462
25.576,25.576,0.0,25.576,25.576,0.0,1245.0,0.39229164,-130.95926,24140.0,42.011425
24.68,24.68,0.0,24.68,24.68,1.0,1246.0,0.20420125,-155.31871,24140.0,0.0
25.042,26.357,200.0,25.042,26.357,0.0,1247.0,0.17910688,-58.341198,24340.0,45.508827
24.981,24.981,0.0,24.981,24.981,1.0,1250.0,-0.0678132,-87.68504,24340.0,0.0
24.992,24.992,0.0,24.992,24.992,1.0,1251.0,-0.13628113,-74.94799,24340.0,1.9399807
24.985,24.985,0.0,24.985,24.985,0.0,1253.0,-0.18346457,-67.77967,24340.0,50.13054
24.863,24.863,0.0,24.863,24.863,1.0,1254.0,-0.23027745,-68.763115,24340.0,46.07426
25.227,25.433,100.0,25.227,25.433,0.0,1256.0,-0.20719679,-15.134109,24240.0,75.51263
24.767,24.767,0.0,24.767,24.767,1.0,1257.0,-0.2478118,-72.95095,24240.0,46.624443
24.767,24.767,0.0,24.767,24.767,0.0,1258.0,-0.27637905,-74.870995,24240.0,0.0
24.639,24.639,0.0,24.639,24.639,1.0,1259.0,-0.30466828,-82.02331,24240.0,0.0
25.83,25.83,0.0,25.83,25.83,1.0,1261.0,-0.19663942,105.270485,24240.0,90.29566
26.365,26.365,0.0,26.365,26.365,1.0,1262.0,-0.10577172,147.5436,24240.0,100.0
27.062,27.062,150.0,26.376,26.376,0.0,1263.0,-0.032920625,136.46109,24390.0,100.0
26.0,26.0,0.0,26.0,26.0,1.0,1264.0,-0.0035697878,61.354,24390.0,59.219105
26.29,26.29,0.0,26.29,26.29,0.0,1265.0,0.0407381,79.04643,24390.0,44.46094
26.353,26.353,0.0,26.353,26.353,1.0,1267.0,0.08851408,71.089264,24390.0,68.91746
26.891,27.354,100.0,26.891,27.354,1.0,1268.0,0.18874714,123.7311,24490.0,82.360054
27.358,27.358,0.0,27.358,27.358,1.0,1269.0,0.26474705,111.263336,24490.0,100.0
27.472,27.472,0.0,27.472,27.472,1.0,1270.0,0.3290701,99.69015,24490.0,100.0
27.871,27.871,0.0,27.871,27.871,0.0,1271.0,0.40455768,108.66987,24490.0,100.0
27.531,27.531,0.0,27.531,27.531,1.0,1272.0,0.43323496,75.97138,24490.0,60.140694
27.605,28.343,300.0,27.605,28.343,1.0,1273.0,0.51019007,109.00438,24790.0,78.07866
28.343,28.343,0.0,28.343,28.343,0.0,1274.0,0.56381744,109.976585,24790.0,70.48611
26.521,26.773,200.0,26.521,26.773,0.0,1275.0,0.48268655,-27.45588,24590.0,34.089012
26.211,26.211,0.0,26.211,26.211,1.0,1276.0,0.37208694,-66.197334,24590.0,0.0
26.636,26.636,0.0,26.636,26.636,0.0,1277.0,0.31279445,-30.834372,24590.0,16.621016
26.323,26.323,0.0,26.323,26.323,0.0,1278.0,0.2396739,-61.109917,24590.0,32.69227
25.952,25.952,0.0,25.952,25.952,1.0,1280.0,0.07167542,-83.717735,24590.0,18.037317
26.264,26.264,0.0,26.264,26.264,0.0,1281.0,0.042082753,-57.534775,24590.0,47.240406
25.772,25.772,0.0,25.772,25.772,1.0,1282.0,-0.017804293,-83.22692,24590.0,50.651886
25.901,25.901,0.0,25.901,25.901,1.0,1283.0,-0.054678794,-63.909626,24590.0,47.26685
26.076,26.076,0.0,26.076,26.076,0.0,1284.0,-0.06978804,-44.066154,24590.0,38.190994
25.799,25.799,0.0,25.799,25.799,1.0,1285.0,-0.1011465,-56.235977,24590.0,52.323612
26.034,26.034,0.0,26.034,26.034,1.0,1287.0,-0.0937601,-26.0054,24590.0,48.07693
26.561,26.561,0.0,26.561,26.561,0.0,1288.0,-0.06008528,83.33893,24590.0,78.39052
26.329,26.329,0.0,26.329,26.329,0.0,1289.0,-0.05026355,44.62428,24590.0,50.238373
26.16,26.16,0.0,26.16,26.16,0.0,1290.0,-0.05447913,5.8744473,24590.0,56.788754
25.958,25.958,0.0,25.958,25.958,0.0,1291.0,-0.07200718,-34.68483,24590.0,0.0
25.732,25.732,100.0,25.604,25.604,0.0,1292.0,-0.1109074,-99.28276,24490.0,0.0
24.595,24.595,0.0,24.595,24.595,0.0,1293.0,-0.21433553,-195.13231,24490.0,0.0
24.472,24.472,0.0,24.472,24.472,0.0,1294.0,-0.3012954,-150.33466,24490.0,0.0
24.402,24.402,0.0,24.402,24.402,1.0,1295.0,-0.37045127,-123.678856,24490.0,0.0
25.199,25.199,0.0,25.199,25.199,0.0,1296.0,-0.36087173,-44.027905,24490.0,80.50512
24.558,24.791,400.0,24.558,24.791,0.0,1297.0,-0.3791021,-76.792564,24090.0,62.509834
24.545,24.545,0.0,24.545,24.545,1.0,1298.0,-0.40679407,-78.442825,24090.0,54.92763
24.624,24.624,0.0,24.624,24.624,1.0,1299.0,-0.4175106,-62.782906,24090.0,10.777694
24.822,24.822,0.0,24.822,24.822,0.0,1300.0,-0.40609288,-39.585983,24090.0,52.96368
24.756,24.756,0.0,24.756,24.756,1.0,1301.0,-0.3970804,-38.372765,24090.0,80.75804
24.804,24.804,0.0,24.804,24.804,0.0,1302.0,-0.38163275,-26.940067,24090.0,78.846176
24.517,24.517,0.0,24.517,24.517,1.0,1304.0,-0.37447932,-47.194782,24090.0,14.328416
24.936,24.936,0.0,24.936,24.936,0.0,1305.0,-0.3403993,34.631054,24090.0,59.348423
24.671,24.671,0.0,24.671,24.671,1.0,1306.0,-0.32924905,-8.392313,24090.0,48.3275
24.491,24.491,0.0,24.491,24.491,1.0,1308.0,-0.31549263,-70.398544,24090.0,1.9439993
24.459,24.459,0.0,24.459,24.459,1.0,1310.0,-0.29230642,-105.36613,24090.0,34.80053
24.98,24.98,0.0,24.98,24.98,0.0,1311.0,-0.24997006,119.137726,24090.0,73.08784
24.444,24.444,0.0,24.444,24.444,1.0,1312.0,-0.25351775,-96.23482,24090.0,38.822674
25.01,25.01,0.0,25.01,25.01,0.0,1313.0,-0.21136235,104.479805,24090.0,66.97476
24.896,24.896,0.0,24.896,24.896,1.0,1314.0,-0.1843631,60.82562,24090.0,46.546066
25.012,25.012,0.0,25.012,25.012,1.0,1315.0,-0.15251003,87.76692,24090.0,85.678345
25.019,26.545,400.0,25.019,26.545,0.0,1316.0,-0.012630374,199.18028,24490.0,93.53373
26.54,26.54,76.0,26.54,26.54,1.0,1317.0,0.096046835,173.40321,24414.0,99.697754
26.89,26.89,0.0,26.89,26.89,1.0,1318.0,0.20531179,150.30673,24414.0,99.735214
28.098,28.1,400.0,28.098,28.1,0.0,1319.0,0.37719736,164.88516,24814.0,99.680565
27.331,27.331,0.0,27.331,27.331,1.0,1322.0,0.5528715,69.593445,24814.0,20.354647
27.418,27.418,0.0,27.418,27.418,1.0,1323.0,0.5739118,64.12251,24814.0,53.424667
27.65,28.095,4.0,27.65,28.095,0.0,1324.0,0.63322115,79.186646,24818.0,71.401886
27.65,27.82,300.0,27.65,27.65,0.0,1325.0,0.6387362,58.039,24518.0,63.192734
27.469,27.469,0.0,27.469,27.469,1.0,1326.0,0.6218019,38.716618,24518.0,51.957047
27.704,27.704,0.0,27.704,27.704,1.0,1327.0,0.6183202,45.478306,24518.0,27.293913
27.813,27.813,0.0,27.813,27.813,1.0,1328.0,0.61604893,47.372677,24518.0,65.523834
29.283,29.283,0.0,29.283,29.283,0.0,1329.0,0.7152526,155.74937,24518.0,100.0
29.195,29.195,0.0,29.195,29.195,0.0,1330.0,0.77717716,128.89365,24518.0,94.720985
28.914,28.914,0.0,28.914,28.914,1.0,1331.0,0.795067,91.94965,24518.0,79.9347
28.934,28.934,0.0,28.934,28.934,1.0,1333.0,0.8422199,63.344868,24543.0,43.352016
29.15,29.15,0.0,29.15,29.15,0.0,1334.0,0.8323669,70.12458,24543.0,56.217075
28.991,28.991,0.0,28.991,28.991,0.0,1335.0,0.80271065,49.484264,24543.0,17.910423
28.951,28.951,400.0,27.992,28.5,0.0,1336.0,0.7334865,1.1923627,24143.0,24.94224
27.892,27.892,0.0,27.892,27.892,0.0,1337.0,0.62567216,-56.696377,24143.0,0.0
27.707,27.707,0.0,27.707,27.707,0.0,1338.0,0.52038074,-70.64778,24143.0,0.0
27.601,27.601,0.0,27.601,27.601,1.0,1339.0,0.424183,-78.62132,24143.0,0.0
28.223,28.223,0.0,28.223,28.223,0.0,1340.0,0.39000836,-29.743767,24143.0,68.127014
27.877,27.877,0.0,27.877,27.877,1.0,1342.0,0.2989886,-68.56536,24043.0,64.25627
28.025,28.025,0.0,28.025,28.025,1.0,1343.0,0.26511785,-46.04032,24043.0,29.959421
28.025,28.025,0.0,28.025,28.025,1.0,1344.0,0.23548777,-38.948597,24043.0,36.81576
28.857,28.857,0.0,28.857,28.857,1.0,1345.0,0.27096364,52.320915,24043.0,100.0
30.114,30.114,0.0,30.114,30.114,0.0,1347.0,0.41855776,158.45638,24083.0,100.0
30.085,30.085,0.0,30.085,30.085,1.0,1348.0,0.49179488,129.58833,24083.0,97.74485
30.405,30.405,0.0,30.405,30.405,1.0,1349.0,0.56638515,125.7417,24083.0,97.83088
30.99,30.99,0.0,30.99,30.99,0.0,1350.0,0.6606799,128.2424,24083.0,96.89495
30.231,30.231,0.0,30.231,30.231,1.0,1351.0,0.6699041,72.68389,24083.0,54.387074
30.695,30.695,0.0,30.695,30.695,0.0,1352.0,0.7031044,84.67646,24083.0,58.019897
30.494,30.494,0.0,30.494,30.494,1.0,1353.0,0.7054528,64.35266,24083.0,32.584232
30.505,30.505,0.0,30.505,30.505,0.0,1354.0,0.69941074,56.28453,24083.0,70.26618
28.351,28.351,0.0,28.351,28.351,1.0,1356.0,0.42013654,-84.89688,24077.0,0.50806856
28.143,29.587,100.0,28.143,29.587,0.0,1357.0,0.38870406,-45.11671,24177.0,36.460186
28.88,28.88,0.0,28.88,28.88,0.0,1358.0,0.3072418,-73.40061,24177.0,48.661404
28.581,28.581,0.0,28.581,28.581,1.0,1359.0,0.21796511,-92.78579,24177.0,55.129337
29.107,29.107,0.0,29.107,29.107,1.0,1360.0,0.18462715,-52.815704,24177.0,34.334232
