,Open,High,Volume,Low,Close,Profit,id,MACD,CCI,OBV,RSI,rawFeatures,features,rawPrediction,probability,prediction
0,8.404000282287598,8.456999778747559,1250.0,8.404000282287598,8.440999984741211,0.0,17.0,0.1465248316526413,67.58635711669922,-1540.0,61.07724380493164,"[8.40400028229,8.45699977875,1250.0,8.40400028229,8.44099998474,0.146524831653,67.5863571167,-1540.0,61.0772438049]","[8.40400028229,8.45699977875,1250.0,8.40400028229,8.44099998474,0.146524831653,67.5863571167,-1540.0,61.0772438049]","[29.1976006854,20.8023993146]","[0.583952013707,0.416047986293]",0.0
1,9.107000350952148,9.107000350952148,0.0,9.107000350952148,9.107000350952148,0.0,30.0,0.20939664542675018,82.1169662475586,-1540.0,58.223716735839844,"[9.10700035095,9.10700035095,0.0,9.10700035095,9.10700035095,0.209396645427,82.1169662476,-1540.0,58.2237167358]","[9.10700035095,9.10700035095,0.0,9.10700035095,9.10700035095,0.209396645427,82.1169662476,-1540.0,58.2237167358]","[23.3989736222,26.6010263778]","[0.467979472444,0.532020527556]",1.0
2,9.336999893188477,9.336999893188477,0.0,9.336999893188477,9.336999893188477,1.0,51.0,0.1294078230857849,104.00779724121094,-1390.0,100.0,"[9.33699989319,9.33699989319,0.0,9.33699989319,9.33699989319,0.129407823086,104.007797241,-1390.0,100.0]","[9.33699989319,9.33699989319,0.0,9.33699989319,9.33699989319,0.129407823086,104.007797241,-1390.0,100.0]","[23.3989736222,26.6010263778]","[0.467979472444,0.532020527556]",1.0
3,9.699000358581543,9.699000358581543,0.0,9.699000358581543,9.699000358581543,0.0,52.0,0.1675703078508377,137.44931030273438,-1390.0,100.0,"[9.69900035858,9.69900035858,0.0,9.69900035858,9.69900035858,0.167570307851,137.449310303,-1390.0,100.0]","[9.69900035858,9.69900035858,0.0,9.69900035858,9.69900035858,0.167570307851,137.449310303,-1390.0,100.0]","[23.3989736222,26.6010263778]","[0.467979472444,0.532020527556]",1.0
4,9.166000366210938,9.166000366210938,0.0,9.166000366210938,9.166000366210938,0.0,60.0,0.12811198830604553,-59.1213264465332,-1390.0,0.0,"[9.16600036621,9.16600036621,0.0,9.16600036621,9.16600036621,0.128111988306,-59.1213264465,-1390.0,0.0]","[9.16600036621,9.16600036621,0.0,9.16600036621,9.16600036621,0.128111988306,-59.1213264465,-1390.0,0.0]","[23.3989736222,26.6010263778]","[0.467979472444,0.532020527556]",1.0
5,10.402999877929688,10.402999877929688,0.0,10.402999877929688,10.402999877929688,1.0,76.0,0.2779448330402374,98.70771026611328,-1390.0,88.29808044433594,"[10.4029998779,10.4029998779,0.0,10.4029998779,10.4029998779,0.27794483304,98.7077102661,-1390.0,88.2980804443]","[10.4029998779,10.4029998779,0.0,10.4029998779,10.4029998779,0.27794483304,98.7077102661,-1390.0,88.2980804443]","[23.3989736222,26.6010263778]","[0.467979472444,0.532020527556]",1.0
6,11.010000228881836,11.010000228881836,0.0,11.010000228881836,11.010000228881836,0.0,99.0,0.2166169434785843,0.2611464560031891,-1390.0,40.31827926635742,"[11.0100002289,11.0100002289,0.0,11.0100002289,11.0100002289,0.216616943479,0.261146456003,-1390.0,40.3182792664]","[11.0100002289,11.0100002289,0.0,11.0100002289,11.0100002289,0.216616943479,0.261146456003,-1390.0,40.3182792664]","[23.3989736222,26.6010263778]","[0.467979472444,0.532020527556]",1.0
7,10.149999618530273,10.149999618530273,0.0,10.149999618530273,10.149999618530273,1.0,106.0,-0.07627300173044205,-76.68000030517578,-4315.0,47.98381805419922,"[10.1499996185,10.1499996185,0.0,10.1499996185,10.1499996185,-0.0762730017304,-76.6800003052,-4315.0,47.9838180542]","[10.1499996185,10.1499996185,0.0,10.1499996185,10.1499996185,-0.0762730017304,-76.6800003052,-4315.0,47.9838180542]","[23.3989736222,26.6010263778]","[0.467979472444,0.532020527556]",1.0
8,10.12600040435791,10.12600040435791,0.0,10.12600040435791,10.12600040435791,1.0,117.0,-0.12650413811206818,-19.228063583374023,-4315.0,59.77962875366211,"[10.1260004044,10.1260004044,0.0,10.1260004044,10.1260004044,-0.126504138112,-19.2280635834,-4315.0,59.7796287537]","[10.1260004044,10.1260004044,0.0,10.1260004044,10.1260004044,-0.126504138112,-19.2280635834,-4315.0,59.7796287537]","[23.3989736222,26.6010263778]","[0.467979472444,0.532020527556]",1.0
9,11.859000205993652,11.859000205993652,0.0,11.859000205993652,11.859000205993652,1.0,138.0,0.19586850702762604,165.4141845703125,-4455.0,100.0,"[11.859000206,11.859000206,0.0,11.859000206,11.859000206,0.195868507028,165.41418457,-4455.0,100.0]","[11.859000206,11.859000206,0.0,11.859000206,11.859000206,0.195868507028,165.41418457,-4455.0,100.0]","[23.3989736222,26.6010263778]","[0.467979472444,0.532020527556]",1.0
10,12.675999641418457,12.675999641418457,0.0,12.675999641418457,12.675999641418457,0.0,145.0,0.4117940664291382,95.08427429199219,-4430.0,96.12275695800781,"[12.6759996414,12.6759996414,0.0,12.6759996414,12.6759996414,0.411794066429,95.084274292,-4430.0,96.122756958]","[12.6759996414,12.6759996414,0.0,12.6759996414,12.6759996414,0.411794066429,95.084274292,-4430.0,96.122756958]","[23.3989736222,26.6010263778]","[0.467979472444,0.532020527556]",1.0
11,11.809000015258789,11.809000015258789,0.0,11.809000015258789,11.809000015258789,1.0,170.0,0.016241656616330147,-69.87813568115234,-4120.0,18.385770797729492,"[11.8090000153,11.8090000153,0.0,11.8090000153,11.8090000153,0.0162416566163,-69.8781356812,-4120.0,18.3857707977]","[11.8090000153,11.8090000153,0.0,11.8090000153,11.8090000153,0.0162416566163,-69.8781356812,-4120.0,18.3857707977]","[23.3989736222,26.6010263778]","[0.467979472444,0.532020527556]",1.0
12,12.105999946594238,12.105999946594238,0.0,12.105999946594238,12.105999946594238,1.0,182.0,0.021769670769572258,72.51722717285156,-3270.0,36.43727493286133,"[12.1059999466,12.1059999466,0.0,12.1059999466,12.1059999466,0.0217696707696,72.5172271729,-3270.0,36.4372749329]","[12.1059999466,12.1059999466,0.0,12.1059999466,12.1059999466,0.0217696707696,72.5172271729,-3270.0,36.4372749329]","[23.3989736222,26.6010263778]","[0.467979472444,0.532020527556]",1.0
13,13.369999885559082,13.369999885559082,0.0,13.369999885559082,13.369999885559082,1.0,193.0,0.2847914695739746,108.33734893798828,-2470.0,100.0,"[13.3699998856,13.3699998856,0.0,13.3699998856,13.3699998856,0.284791469574,108.337348938,-2470.0,100.0]","[13.3699998856,13.3699998856,0.0,13.3699998856,13.3699998856,0.284791469574,108.337348938,-2470.0,100.0]","[23.3989736222,26.6010263778]","[0.467979472444,0.532020527556]",1.0
14,13.3149995803833,13.3149995803833,0.0,13.3149995803833,13.3149995803833,1.0,195.0,0.3175560534000397,71.53707885742188,-2270.0,63.9718017578125,"[13.3149995804,13.3149995804,0.0,13.3149995804,13.3149995804,0.3175560534,71.5370788574,-2270.0,63.9718017578]","[13.3149995804,13.3149995804,0.0,13.3149995804,13.3149995804,0.3175560534,71.5370788574,-2270.0,63.9718017578]","[23.3989736222,26.6010263778]","[0.467979472444,0.532020527556]",1.0
15,13.215999603271484,13.215999603271484,0.0,13.215999603271484,13.215999603271484,0.0,198.0,0.3100777864456177,24.055877685546875,-1960.0,45.2722053527832,"[13.2159996033,13.2159996033,0.0,13.2159996033,13.2159996033,0.310077786446,24.0558776855,-1960.0,45.2722053528]","[13.2159996033,13.2159996033,0.0,13.2159996033,13.2159996033,0.310077786446,24.0558776855,-1960.0,45.2722053528]","[23.3989736222,26.6010263778]","[0.467979472444,0.532020527556]",1.0
16,12.088000297546387,12.088000297546387,0.0,12.088000297546387,12.088000297546387,0.0,211.0,-0.13841897249221802,-77.3486328125,-1620.0,0.0,"[12.0880002975,12.0880002975,0.0,12.0880002975,12.0880002975,-0.138418972492,-77.3486328125,-1620.0,0.0]","[12.0880002975,12.0880002975,0.0,12.0880002975,12.0880002975,-0.138418972492,-77.3486328125,-1620.0,0.0]","[23.3989736222,26.6010263778]","[0.467979472444,0.532020527556]",1.0
17,11.380000114440918,11.380000114440918,0.0,11.380000114440918,11.380000114440918,1.0,225.0,-0.23075853288173676,-117.65170288085938,-1620.0,0.0,"[11.3800001144,11.3800001144,0.0,11.3800001144,11.3800001144,-0.230758532882,-117.651702881,-1620.0,0.0]","[11.3800001144,11.3800001144,0.0,11.3800001144,11.3800001144,-0.230758532882,-117.651702881,-1620.0,0.0]","[23.3989736222,26.6010263778]","[0.467979472444,0.532020527556]",1.0
18,11.777999877929688,12.010000228881836,170.0,11.777999877929688,12.010000228881836,0.0,227.0,-0.1972152292728424,1.8767672777175903,-1050.0,96.62572479248047,"[11.7779998779,12.0100002289,170.0,11.7779998779,12.0100002289,-0.197215229273,1.87676727772,-1050.0,96.6257247925]","[11.7779998779,12.0100002289,170.0,11.7779998779,12.0100002289,-0.197215229273,1.87676727772,-1050.0,96.6257247925]","[26.1951970924,23.8048029076]","[0.523903941848,0.476096058152]",0.0
19,11.66100025177002,11.845000267028809,600.0,11.66100025177002,11.845000267028809,0.0,229.0,-0.17851173877716064,-21.785112380981445,-450.0,61.14496612548828,"[11.6610002518,11.845000267,600.0,11.6610002518,11.845000267,-0.178511738777,-21.785112381,-450.0,61.1449661255]","[11.6610002518,11.845000267,600.0,11.6610002518,11.845000267,-0.178511738777,-21.785112381,-450.0,61.1449661255]","[25.7666256638,24.2333743362]","[0.515332513277,0.484667486723]",0.0
20,11.663000106811523,11.663000106811523,0.0,11.663000106811523,11.663000106811523,0.0,236.0,-0.2000686377286911,38.42921447753906,-306.0,100.0,"[11.6630001068,11.6630001068,0.0,11.6630001068,11.6630001068,-0.200068637729,38.4292144775,-306.0,100.0]","[11.6630001068,11.6630001068,0.0,11.6630001068,11.6630001068,-0.200068637729,38.4292144775,-306.0,100.0]","[23.3989736222,26.6010263778]","[0.467979472444,0.532020527556]",1.0
21,12.284000396728516,12.284000396728516,0.0,12.284000396728516,12.284000396728516,0.0,262.0,0.10249390453100204,-40.21923828125,-306.0,0.0,"[12.2840003967,12.2840003967,0.0,12.2840003967,12.2840003967,0.102493904531,-40.2192382812,-306.0,0.0]","[12.2840003967,12.2840003967,0.0,12.2840003967,12.2840003967,0.102493904531,-40.2192382812,-306.0,0.0]","[23.3989736222,26.6010263778]","[0.467979472444,0.532020527556]",1.0
22,10.159000396728516,10.159000396728516,0.0,10.159000396728516,10.159000396728516,1.0,272.0,-0.42979350686073303,-91.20096588134766,-910.0,23.529386520385742,"[10.1590003967,10.1590003967,0.0,10.1590003967,10.1590003967,-0.429793506861,-91.2009658813,-910.0,23.5293865204]","[10.1590003967,10.1590003967,0.0,10.1590003967,10.1590003967,-0.429793506861,-91.2009658813,-910.0,23.5293865204]","[23.3989736222,26.6010263778]","[0.467979472444,0.532020527556]",1.0
23,10.355999946594238,10.687000274658203,965.0,10.355999946594238,10.687000274658203,1.0,280.0,-0.3117908239364624,-6.385741233825684,-545.0,31.936166763305664,"[10.3559999466,10.6870002747,965.0,10.3559999466,10.6870002747,-0.311790823936,-6.38574123383,-545.0,31.9361667633]","[10.3559999466,10.6870002747,965.0,10.3559999466,10.6870002747,-0.311790823936,-6.38574123383,-545.0,31.9361667633]","[25.4783406165,24.5216593835]","[0.509566812329,0.490433187671]",0.0
24,10.911999702453613,10.911999702453613,0.0,10.911999702453613,10.911999702453613,1.0,282.0,-0.24768288433551788,62.50238037109375,-545.0,99.09907531738281,"[10.9119997025,10.9119997025,0.0,10.9119997025,10.9119997025,-0.247682884336,62.5023803711,-545.0,99.0990753174]","[10.9119997025,10.9119997025,0.0,10.9119997025,10.9119997025,-0.247682884336,62.5023803711,-545.0,99.0990753174]","[23.3989736222,26.6010263778]","[0.467979472444,0.532020527556]",1.0
25,10.079000473022461,10.079000473022461,0.0,10.079000473022461,10.079000473022461,0.0,295.0,-0.2330348640680313,-102.08247375488281,-145.0,15.535710334777832,"[10.079000473,10.079000473,0.0,10.079000473,10.079000473,-0.233034864068,-102.082473755,-145.0,15.5357103348]","[10.079000473,10.079000473,0.0,10.079000473,10.079000473,-0.233034864068,-102.082473755,-145.0,15.5357103348]","[23.3989736222,26.6010263778]","[0.467979472444,0.532020527556]",1.0
26,10.45300006866455,10.45300006866455,9.0,10.45300006866455,10.45300006866455,1.0,298.0,-0.24907371401786804,-23.744966506958008,-136.0,81.58780670166016,"[10.4530000687,10.4530000687,9.0,10.4530000687,10.4530000687,-0.249073714018,-23.744966507,-136.0,81.5878067017]","[10.4530000687,10.4530000687,9.0,10.4530000687,10.4530000687,-0.249073714018,-23.744966507,-136.0,81.5878067017]","[25.0360559696,24.9639440304]","[0.500721119392,0.499278880608]",0.0
27,10.746999740600586,10.746999740600586,0.0,10.746999740600586,10.746999740600586,0.0,302.0,-0.1205824762582779,53.74398422241211,-121.0,64.34510040283203,"[10.7469997406,10.7469997406,0.0,10.7469997406,10.7469997406,-0.120582476258,53.7439842224,-121.0,64.3451004028]","[10.7469997406,10.7469997406,0.0,10.7469997406,10.7469997406,-0.120582476258,53.7439842224,-121.0,64.3451004028]","[23.3989736222,26.6010263778]","[0.467979472444,0.532020527556]",1.0
28,10.229000091552734,10.229000091552734,0.0,10.229000091552734,10.229000091552734,0.0,327.0,-0.13752637803554535,4.899085521697998,1793.0,53.64811325073242,"[10.2290000916,10.2290000916,0.0,10.2290000916,10.2290000916,-0.137526378036,4.8990855217,1793.0,53.6481132507]","[10.2290000916,10.2290000916,0.0,10.2290000916,10.2290000916,-0.137526378036,4.8990855217,1793.0,53.6481132507]","[23.3989736222,26.6010263778]","[0.467979472444,0.532020527556]",1.0
29,10.380999565124512,10.380999565124512,0.0,10.380999565124512,10.380999565124512,0.0,340.0,0.017007675021886826,13.329986572265625,1693.0,29.83037567138672,"[10.3809995651,10.3809995651,0.0,10.3809995651,10.3809995651,0.0170076750219,13.3299865723,1693.0,29.8303756714]","[10.3809995651,10.3809995651,0.0,10.3809995651,10.3809995651,0.0170076750219,13.3299865723,1693.0,29.8303756714]","[23.3989736222,26.6010263778]","[0.467979472444,0.532020527556]",1.0
30,10.236000061035156,10.236000061035156,0.0,10.236000061035156,10.236000061035156,1.0,345.0,-0.007159729488193989,-85.52669525146484,2053.0,35.34946060180664,"[10.236000061,10.236000061,0.0,10.236000061,10.236000061,-0.00715972948819,-85.5266952515,2053.0,35.3494606018]","[10.236000061,10.236000061,0.0,10.236000061,10.236000061,-0.00715972948819,-85.5266952515,2053.0,35.3494606018]","[23.3989736222,26.6010263778]","[0.467979472444,0.532020527556]",1.0
31,10.680000305175781,10.680000305175781,0.0,10.680000305175781,10.680000305175781,0.0,348.0,0.03646884113550186,119.16030883789062,2353.0,81.267578125,"[10.6800003052,10.6800003052,0.0,10.6800003052,10.6800003052,0.0364688411355,119.160308838,2353.0,81.267578125]","[10.6800003052,10.6800003052,0.0,10.6800003052,10.6800003052,0.0364688411355,119.160308838,2353.0,81.267578125]","[23.3989736222,26.6010263778]","[0.467979472444,0.532020527556]",1.0
32,10.925000190734863,10.925000190734863,0.0,10.925000190734863,10.925000190734863,0.0,355.0,0.10871875286102295,101.2347183227539,2103.0,67.12566375732422,"[10.9250001907,10.9250001907,0.0,10.9250001907,10.9250001907,0.108718752861,101.234718323,2103.0,67.1256637573]","[10.9250001907,10.9250001907,0.0,10.9250001907,10.9250001907,0.108718752861,101.234718323,2103.0,67.1256637573]","[23.3989736222,26.6010263778]","[0.467979472444,0.532020527556]",1.0
33,10.5,10.5,1500.0,10.5,10.5,1.0,368.0,-0.014008493162691593,-20.47562599182129,3903.0,55.364803314208984,"[10.5,10.5,1500.0,10.5,10.5,-0.0140084931627,-20.4756259918,3903.0,55.3648033142]","[10.5,10.5,1500.0,10.5,10.5,-0.0140084931627,-20.4756259918,3903.0,55.3648033142]","[29.5339167253,20.4660832747]","[0.590678334507,0.409321665493]",0.0
34,10.5,10.5,3400.0,10.5,10.5,0.0,369.0,-0.013928878121078014,-12.67045783996582,503.0,26.06633186340332,"[10.5,10.5,3400.0,10.5,10.5,-0.0139288781211,-12.67045784,503.0,26.0663318634]","[10.5,10.5,3400.0,10.5,10.5,-0.0139288781211,-12.67045784,503.0,26.0663318634]","[29.8158617786,20.1841382214]","[0.596317235571,0.403682764429]",0.0
35,10.027999877929688,10.027999877929688,0.0,10.027999877929688,10.027999877929688,0.0,413.0,-0.07806559652090073,-4.752081871032715,2178.0,24.25532341003418,"[10.0279998779,10.0279998779,0.0,10.0279998779,10.0279998779,-0.0780655965209,-4.75208187103,2178.0,24.25532341]","[10.0279998779,10.0279998779,0.0,10.0279998779,10.0279998779,-0.0780655965209,-4.75208187103,2178.0,24.25532341]","[23.3989736222,26.6010263778]","[0.467979472444,0.532020527556]",1.0
36,9.508999824523926,9.508999824523926,200.0,9.387999534606934,9.387999534606934,0.0,417.0,-0.16403627395629883,-146.50003051757812,1378.0,0.0,"[9.50899982452,9.50899982452,200.0,9.38799953461,9.38799953461,-0.164036273956,-146.500030518,1378.0,0.0]","[9.50899982452,9.50899982452,200.0,9.38799953461,9.38799953461,-0.164036273956,-146.500030518,1378.0,0.0]","[28.3840554799,21.6159445201]","[0.567681109598,0.432318890402]",0.0
37,10.357000350952148,10.357000350952148,0.0,10.357000350952148,10.357000350952148,0.0,473.0,0.15004530549049377,60.28273010253906,1948.0,49.59999084472656,"[10.357000351,10.357000351,0.0,10.357000351,10.357000351,0.15004530549,60.2827301025,1948.0,49.5999908447]","[10.357000351,10.357000351,0.0,10.357000351,10.357000351,0.15004530549,60.2827301025,1948.0,49.5999908447]","[23.3989736222,26.6010263778]","[0.467979472444,0.532020527556]",1.0
38,10.01099967956543,10.095999717712402,0.0,10.01099967956543,10.095999717712402,1.0,477.0,0.08134886622428894,-75.04000091552734,1948.0,22.368423461914062,"[10.0109996796,10.0959997177,0.0,10.0109996796,10.0959997177,0.0813488662243,-75.0400009155,1948.0,22.3684234619]","[10.0109996796,10.0959997177,0.0,10.0109996796,10.0959997177,0.0813488662243,-75.0400009155,1948.0,22.3684234619]","[23.3989736222,26.6010263778]","[0.467979472444,0.532020527556]",1.0
39,10.711999893188477,10.711999893188477,0.0,10.539999961853027,10.539999961853027,0.0,484.0,0.1410003900527954,71.35204315185547,1948.0,59.90676498413086,"[10.7119998932,10.7119998932,0.0,10.5399999619,10.5399999619,0.141000390053,71.3520431519,1948.0,59.9067649841]","[10.7119998932,10.7119998932,0.0,10.5399999619,10.5399999619,0.141000390053,71.3520431519,1948.0,59.9067649841]","[23.3989736222,26.6010263778]","[0.467979472444,0.532020527556]",1.0
40,10.258000373840332,10.258000373840332,0.0,10.258000373840332,10.258000373840332,1.0,491.0,0.02808525413274765,-35.56769561767578,2148.0,100.0,"[10.2580003738,10.2580003738,0.0,10.2580003738,10.2580003738,0.0280852541327,-35.5676956177,2148.0,100.0]","[10.2580003738,10.2580003738,0.0,10.2580003738,10.2580003738,0.0280852541327,-35.5676956177,2148.0,100.0]","[23.3989736222,26.6010263778]","[0.467979472444,0.532020527556]",1.0
41,10.11299991607666,10.11299991607666,0.0,10.11299991607666,10.11299991607666,1.0,494.0,0.015815509483218193,-77.61874389648438,2148.0,29.344654083251953,"[10.1129999161,10.1129999161,0.0,10.1129999161,10.1129999161,0.0158155094832,-77.6187438965,2148.0,29.3446540833]","[10.1129999161,10.1129999161,0.0,10.1129999161,10.1129999161,0.0158155094832,-77.6187438965,2148.0,29.3446540833]","[23.3989736222,26.6010263778]","[0.467979472444,0.532020527556]",1.0
42,10.335000038146973,10.335000038146973,0.0,10.335000038146973,10.335000038146973,0.0,502.0,0.03825023025274277,22.67256736755371,2148.0,29.289907455444336,"[10.3350000381,10.3350000381,0.0,10.3350000381,10.3350000381,0.0382502302527,22.6725673676,2148.0,29.2899074554]","[10.3350000381,10.3350000381,0.0,10.3350000381,10.3350000381,0.0382502302527,22.6725673676,2148.0,29.2899074554]","[23.3989736222,26.6010263778]","[0.467979472444,0.532020527556]",1.0
43,9.9350004196167,9.9350004196167,0.0,9.9350004196167,9.9350004196167,1.0,505.0,-0.01801057532429695,-131.943115234375,2148.0,0.0,"[9.93500041962,9.93500041962,0.0,9.93500041962,9.93500041962,-0.0180105753243,-131.943115234,2148.0,0.0]","[9.93500041962,9.93500041962,0.0,9.93500041962,9.93500041962,-0.0180105753243,-131.943115234,2148.0,0.0]","[23.3989736222,26.6010263778]","[0.467979472444,0.532020527556]",1.0
44,10.229999542236328,10.229999542236328,0.0,10.229999542236328,10.229999542236328,0.0,510.0,-0.05119556561112404,16.188812255859375,2148.0,100.0,"[10.2299995422,10.2299995422,0.0,10.2299995422,10.2299995422,-0.0511955656111,16.1888122559,2148.0,100.0]","[10.2299995422,10.2299995422,0.0,10.2299995422,10.2299995422,-0.0511955656111,16.1888122559,2148.0,100.0]","[23.3989736222,26.6010263778]","[0.467979472444,0.532020527556]",1.0
45,9.883000373840332,9.883000373840332,100.0,9.85200023651123,9.85200023651123,1.0,522.0,-0.11126081645488739,10.288206100463867,2248.0,65.35211944580078,"[9.88300037384,9.88300037384,100.0,9.85200023651,9.85200023651,-0.111260816455,10.2882061005,2248.0,65.3521194458]","[9.88300037384,9.88300037384,100.0,9.85200023651,9.85200023651,-0.111260816455,10.2882061005,2248.0,65.3521194458]","[28.9371226761,21.0628773239]","[0.578742453521,0.421257546479]",0.0
46,9.597999572753906,9.597999572753906,0.0,9.597999572753906,9.597999572753906,1.0,531.0,-0.12066005170345306,-23.743314743041992,3906.0,100.0,"[9.59799957275,9.59799957275,0.0,9.59799957275,9.59799957275,-0.120660051703,-23.743314743,3906.0,100.0]","[9.59799957275,9.59799957275,0.0,9.59799957275,9.59799957275,-0.120660051703,-23.743314743,3906.0,100.0]","[23.3989736222,26.6010263778]","[0.467979472444,0.532020527556]",1.0
47,9.899999618530273,9.899999618530273,16.0,9.781000137329102,9.781000137329102,0.0,543.0,0.026792677119374275,-2.928867816925049,5130.0,23.98086166381836,"[9.89999961853,9.89999961853,16.0,9.78100013733,9.78100013733,0.0267926771194,-2.92886781693,5130.0,23.9808616638]","[9.89999961853,9.89999961853,16.0,9.78100013733,9.78100013733,0.0267926771194,-2.92886781693,5130.0,23.9808616638]","[26.8385163206,23.1614836794]","[0.536770326413,0.463229673587]",0.0
48,8.684000015258789,8.684000015258789,0.0,8.684000015258789,8.684000015258789,0.0,554.0,-0.2754819989204407,-61.713890075683594,5760.0,61.32926559448242,"[8.68400001526,8.68400001526,0.0,8.68400001526,8.68400001526,-0.27548199892,-61.7138900757,5760.0,61.3292655945]","[8.68400001526,8.68400001526,0.0,8.68400001526,8.68400001526,-0.27548199892,-61.7138900757,5760.0,61.3292655945]","[23.3989736222,26.6010263778]","[0.467979472444,0.532020527556]",1.0
49,8.961999893188477,8.961999893188477,0.0,8.961999893188477,8.961999893188477,1.0,557.0,-0.23538845777511597,2.3969857692718506,5760.0,98.26384735107422,"[8.96199989319,8.96199989319,0.0,8.96199989319,8.96199989319,-0.235388457775,2.39698576927,5760.0,98.2638473511]","[8.96199989319,8.96199989319,0.0,8.96199989319,8.96199989319,-0.235388457775,2.39698576927,5760.0,98.2638473511]","[23.3989736222,26.6010263778]","[0.467979472444,0.532020527556]",1.0
50,9.112000465393066,9.112000465393066,0.0,9.112000465393066,9.112000465393066,0.0,561.0,-0.14625011384487152,95.3070068359375,5760.0,78.19148254394531,"[9.11200046539,9.11200046539,0.0,9.11200046539,9.11200046539,-0.146250113845,95.3070068359,5760.0,78.1914825439]","[9.11200046539,9.11200046539,0.0,9.11200046539,9.11200046539,-0.146250113845,95.3070068359,5760.0,78.1914825439]","[23.3989736222,26.6010263778]","[0.467979472444,0.532020527556]",1.0
51,9.253999710083008,9.253999710083008,0.0,9.253999710083008,9.253999710083008,0.0,571.0,0.012759421952068806,25.605419158935547,7760.0,34.81673049926758,"[9.25399971008,9.25399971008,0.0,9.25399971008,9.25399971008,0.0127594219521,25.6054191589,7760.0,34.8167304993]","[9.25399971008,9.25399971008,0.0,9.25399971008,9.25399971008,0.0127594219521,25.6054191589,7760.0,34.8167304993]","[23.3989736222,26.6010263778]","[0.467979472444,0.532020527556]",1.0
52,9.619999885559082,9.619999885559082,0.0,9.619999885559082,9.619999885559082,0.0,576.0,0.09264440834522247,83.76533508300781,13760.0,51.606971740722656,"[9.61999988556,9.61999988556,0.0,9.61999988556,9.61999988556,0.0926444083452,83.765335083,13760.0,51.6069717407]","[9.61999988556,9.61999988556,0.0,9.61999988556,9.61999988556,0.0926444083452,83.765335083,13760.0,51.6069717407]","[23.3989736222,26.6010263778]","[0.467979472444,0.532020527556]",1.0
53,9.418999671936035,9.418999671936035,0.0,9.418999671936035,9.418999671936035,0.0,580.0,0.09392350167036057,-15.3172025680542,14760.0,44.007484436035156,"[9.41899967194,9.41899967194,0.0,9.41899967194,9.41899967194,0.0939235016704,-15.3172025681,14760.0,44.007484436]","[9.41899967194,9.41899967194,0.0,9.41899967194,9.41899967194,0.0939235016704,-15.3172025681,14760.0,44.007484436]","[23.3989736222,26.6010263778]","[0.467979472444,0.532020527556]",1.0
54,9.586000442504883,9.586000442504883,0.0,9.586000442504883,9.586000442504883,1.0,604.0,0.025788765400648117,-35.694664001464844,13960.0,21.487655639648438,"[9.5860004425,9.5860004425,0.0,9.5860004425,9.5860004425,0.0257887654006,-35.6946640015,13960.0,21.4876556396]","[9.5860004425,9.5860004425,0.0,9.5860004425,9.5860004425,0.0257887654006,-35.6946640015,13960.0,21.4876556396]","[23.3989736222,26.6010263778]","[0.467979472444,0.532020527556]",1.0
55,9.609999656677246,9.609999656677246,0.0,9.609999656677246,9.609999656677246,0.0,610.0,0.0007448552642017603,-24.253786087036133,13960.0,62.88209533691406,"[9.60999965668,9.60999965668,0.0,9.60999965668,9.60999965668,0.000744855264202,-24.253786087,13960.0,62.8820953369]","[9.60999965668,9.60999965668,0.0,9.60999965668,9.60999965668,0.000744855264202,-24.253786087,13960.0,62.8820953369]","[23.3989736222,26.6010263778]","[0.467979472444,0.532020527556]",1.0
56,9.65999984741211,9.78499984741211,117.0,9.65999984741211,9.78499984741211,0.0,615.0,0.007386299781501293,90.48760223388672,14077.0,60.48391342163086,"[9.65999984741,9.78499984741,117.0,9.65999984741,9.78499984741,0.0073862997815,90.4876022339,14077.0,60.4839134216]","[9.65999984741,9.78499984741,117.0,9.65999984741,9.78499984741,0.0073862997815,90.4876022339,14077.0,60.4839134216]","[29.7482024396,20.2517975604]","[0.594964048792,0.405035951208]",0.0
57,11.069999694824219,11.069999694824219,0.0,11.069999694824219,11.069999694824219,1.0,629.0,0.28468289971351624,120.73345947265625,14377.0,100.0,"[11.0699996948,11.0699996948,0.0,11.0699996948,11.0699996948,0.284682899714,120.733459473,14377.0,100.0]","[11.0699996948,11.0699996948,0.0,11.0699996948,11.0699996948,0.284682899714,120.733459473,14377.0,100.0]","[23.3989736222,26.6010263778]","[0.467979472444,0.532020527556]",1.0
58,10.888999938964844,10.888999938964844,0.0,10.888999938964844,10.888999938964844,1.0,640.0,0.25337153673171997,-57.29437255859375,14527.0,20.334264755249023,"[10.888999939,10.888999939,0.0,10.888999939,10.888999939,0.253371536732,-57.2943725586,14527.0,20.3342647552]","[10.888999939,10.888999939,0.0,10.888999939,10.888999939,0.253371536732,-57.2943725586,14527.0,20.3342647552]","[23.3989736222,26.6010263778]","[0.467979472444,0.532020527556]",1.0
59,10.998000144958496,10.998000144958496,0.0,10.998000144958496,10.998000144958496,0.0,647.0,0.13428504765033722,-35.96366882324219,13594.0,89.98174285888672,"[10.998000145,10.998000145,0.0,10.998000145,10.998000145,0.13428504765,-35.9636688232,13594.0,89.9817428589]","[10.998000145,10.998000145,0.0,10.998000145,10.998000145,0.13428504765,-35.9636688232,13594.0,89.9817428589]","[23.3989736222,26.6010263778]","[0.467979472444,0.532020527556]",1.0
60,12.039999961853027,12.039999961853027,0.0,12.039999961853027,12.039999961853027,1.0,660.0,0.19645611941814423,92.37577819824219,14654.0,100.0,"[12.0399999619,12.0399999619,0.0,12.0399999619,12.0399999619,0.196456119418,92.3757781982,14654.0,100.0]","[12.0399999619,12.0399999619,0.0,12.0399999619,12.0399999619,0.196456119418,92.3757781982,14654.0,100.0]","[23.3989736222,26.6010263778]","[0.467979472444,0.532020527556]",1.0
61,12.232999801635742,12.232999801635742,0.0,12.232999801635742,12.232999801635742,1.0,662.0,0.2800409495830536,82.71607971191406,14854.0,73.24032592773438,"[12.2329998016,12.2329998016,0.0,12.2329998016,12.2329998016,0.280040949583,82.7160797119,14854.0,73.2403259277]","[12.2329998016,12.2329998016,0.0,12.2329998016,12.2329998016,0.280040949583,82.7160797119,14854.0,73.2403259277]","[23.3989736222,26.6010263778]","[0.467979472444,0.532020527556]",1.0
62,12.373000144958496,12.61299991607666,600.0,12.373000144958496,12.61299991607666,1.0,663.0,0.3180806338787079,114.4596939086914,15454.0,70.2187728881836,"[12.373000145,12.6129999161,600.0,12.373000145,12.6129999161,0.318080633879,114.459693909,15454.0,70.2187728882]","[12.373000145,12.6129999161,600.0,12.373000145,12.6129999161,0.318080633879,114.459693909,15454.0,70.2187728882]","[29.315993346,20.684006654]","[0.586319866921,0.413680133079]",0.0
63,12.144000053405762,12.144000053405762,0.0,12.144000053405762,12.144000053405762,1.0,665.0,0.32995322346687317,34.1120491027832,15689.0,45.66699981689453,"[12.1440000534,12.1440000534,0.0,12.1440000534,12.1440000534,0.329953223467,34.1120491028,15689.0,45.6669998169]","[12.1440000534,12.1440000534,0.0,12.1440000534,12.1440000534,0.329953223467,34.1120491028,15689.0,45.6669998169]","[23.3989736222,26.6010263778]","[0.467979472444,0.532020527556]",1.0
64,12.861000061035156,12.861000061035156,0.0,12.861000061035156,12.861000061035156,0.0,670.0,0.3673509359359741,74.71929168701172,15689.0,50.932289123535156,"[12.861000061,12.861000061,0.0,12.861000061,12.861000061,0.367350935936,74.719291687,15689.0,50.9322891235]","[12.861000061,12.861000061,0.0,12.861000061,12.861000061,0.367350935936,74.719291687,15689.0,50.9322891235]","[23.3989736222,26.6010263778]","[0.467979472444,0.532020527556]",1.0
65,13.15999984741211,13.15999984741211,0.0,13.15999984741211,13.15999984741211,1.0,677.0,0.3328191339969635,102.87892150878906,15689.0,80.41400146484375,"[13.1599998474,13.1599998474,0.0,13.1599998474,13.1599998474,0.332819133997,102.878921509,15689.0,80.4140014648]","[13.1599998474,13.1599998474,0.0,13.1599998474,13.1599998474,0.332819133997,102.878921509,15689.0,80.4140014648]","[23.3989736222,26.6010263778]","[0.467979472444,0.532020527556]",1.0
66,13.13700008392334,13.13700008392334,0.0,13.13700008392334,13.13700008392334,0.0,685.0,0.27067503333091736,34.566707611083984,16189.0,37.837928771972656,"[13.1370000839,13.1370000839,0.0,13.1370000839,13.1370000839,0.270675033331,34.5667076111,16189.0,37.837928772]","[13.1370000839,13.1370000839,0.0,13.1370000839,13.1370000839,0.270675033331,34.5667076111,16189.0,37.837928772]","[23.3989736222,26.6010263778]","[0.467979472444,0.532020527556]",1.0
67,12.57699966430664,12.932000160217285,80.0,12.57699966430664,12.932000160217285,1.0,698.0,0.034405678510665894,-47.70293426513672,16519.0,52.568302154541016,"[12.5769996643,12.9320001602,80.0,12.5769996643,12.9320001602,0.0344056785107,-47.7029342651,16519.0,52.5683021545]","[12.5769996643,12.9320001602,80.0,12.5769996643,12.9320001602,0.0344056785107,-47.7029342651,16519.0,52.5683021545]","[29.0959535586,20.9040464414]","[0.581919071171,0.418080928829]",0.0
68,13.41100025177002,13.41100025177002,0.0,13.41100025177002,13.41100025177002,1.0,701.0,0.10267111659049988,100.02339935302734,16669.0,72.36229705810547,"[13.4110002518,13.4110002518,0.0,13.4110002518,13.4110002518,0.10267111659,100.023399353,16669.0,72.3622970581]","[13.4110002518,13.4110002518,0.0,13.4110002518,13.4110002518,0.10267111659,100.023399353,16669.0,72.3622970581]","[23.3989736222,26.6010263778]","[0.467979472444,0.532020527556]",1.0
69,15.376999855041504,15.977999687194824,625.0,15.376999855041504,15.977999687194824,0.0,715.0,0.5726971626281738,128.59373474121094,19686.0,89.60758209228516,"[15.376999855,15.9779996872,625.0,15.376999855,15.9779996872,0.572697162628,128.593734741,19686.0,89.6075820923]","[15.376999855,15.9779996872,625.0,15.376999855,15.9779996872,0.572697162628,128.593734741,19686.0,89.6075820923]","[29.2995818968,20.7004181032]","[0.585991637936,0.414008362064]",0.0
70,15.449999809265137,15.449999809265137,1300.0,15.449999809265137,15.449999809265137,0.0,718.0,0.5771430730819702,62.3934211730957,18386.0,8.095191955566406,"[15.4499998093,15.4499998093,1300.0,15.4499998093,15.4499998093,0.577143073082,62.3934211731,18386.0,8.09519195557]","[15.4499998093,15.4499998093,1300.0,15.4499998093,15.4499998093,0.577143073082,62.3934211731,18386.0,8.09519195557]","[29.4075023414,20.5924976586]","[0.588150046828,0.411849953172]",0.0
71,15.26099967956543,15.26099967956543,0.0,15.26099967956543,15.26099967956543,1.0,721.0,0.43666014075279236,31.23796272277832,18386.0,43.50514602661133,"[15.2609996796,15.2609996796,0.0,15.2609996796,15.2609996796,0.436660140753,31.2379627228,18386.0,43.5051460266]","[15.2609996796,15.2609996796,0.0,15.2609996796,15.2609996796,0.436660140753,31.2379627228,18386.0,43.5051460266]","[23.3989736222,26.6010263778]","[0.467979472444,0.532020527556]",1.0
72,17.84000015258789,18.125,1600.0,17.84000015258789,18.125,0.0,741.0,0.47540491819381714,176.68017578125,21566.0,100.0,"[17.8400001526,18.125,1600.0,17.8400001526,18.125,0.475404918194,176.680175781,21566.0,100.0]","[17.8400001526,18.125,1600.0,17.8400001526,18.125,0.475404918194,176.680175781,21566.0,100.0]","[29.5337112092,20.4662887908]","[0.590674224185,0.409325775815]",0.0
73,16.92099952697754,16.92099952697754,0.0,16.92099952697754,16.92099952697754,1.0,749.0,0.3567133843898773,-38.11354064941406,21571.0,0.0,"[16.920999527,16.920999527,0.0,16.920999527,16.920999527,0.35671338439,-38.1135406494,21571.0,0.0]","[16.920999527,16.920999527,0.0,16.920999527,16.920999527,0.35671338439,-38.1135406494,21571.0,0.0]","[23.3989736222,26.6010263778]","[0.467979472444,0.532020527556]",1.0
74,16.95599937438965,16.95599937438965,0.0,16.95599937438965,16.95599937438965,0.0,751.0,0.2678168714046478,-37.80344009399414,21601.0,13.157965660095215,"[16.9559993744,16.9559993744,0.0,16.9559993744,16.9559993744,0.267816871405,-37.803440094,21601.0,13.1579656601]","[16.9559993744,16.9559993744,0.0,16.9559993744,16.9559993744,0.267816871405,-37.803440094,21601.0,13.1579656601]","[23.3989736222,26.6010263778]","[0.467979472444,0.532020527556]",1.0
75,16.280000686645508,16.350000381469727,1500.0,16.280000686645508,16.350000381469727,0.0,755.0,0.07656756043434143,-128.83460998535156,20101.0,0.0,"[16.2800006866,16.3500003815,1500.0,16.2800006866,16.3500003815,0.0765675604343,-128.834609985,20101.0,0.0]","[16.2800006866,16.3500003815,1500.0,16.2800006866,16.3500003815,0.0765675604343,-128.834609985,20101.0,0.0]","[29.3249844496,20.6750155504]","[0.586499688991,0.413500311009]",0.0
76,17.124000549316406,17.124000549316406,0.0,17.124000549316406,17.124000549316406,0.0,766.0,0.011148166842758656,117.84156036376953,20081.0,94.0361557006836,"[17.1240005493,17.1240005493,0.0,17.1240005493,17.1240005493,0.0111481668428,117.841560364,20081.0,94.0361557007]","[17.1240005493,17.1240005493,0.0,17.1240005493,17.1240005493,0.0111481668428,117.841560364,20081.0,94.0361557007]","[23.3989736222,26.6010263778]","[0.467979472444,0.532020527556]",1.0
77,17.138999938964844,17.149999618530273,120.0,17.138999938964844,17.149999618530273,1.0,769.0,0.08606022596359253,84.40708923339844,20201.0,56.43536376953125,"[17.138999939,17.1499996185,120.0,17.138999939,17.1499996185,0.0860602259636,84.4070892334,20201.0,56.4353637695]","[17.138999939,17.1499996185,120.0,17.138999939,17.1499996185,0.0860602259636,84.4070892334,20201.0,56.4353637695]","[29.7938278236,20.2061721764]","[0.595876556472,0.404123443528]",0.0
78,16.60300064086914,16.60300064086914,0.0,16.60300064086914,16.60300064086914,1.0,776.0,0.03205498307943344,-81.7646484375,20886.0,0.0,"[16.6030006409,16.6030006409,0.0,16.6030006409,16.6030006409,0.0320549830794,-81.7646484375,20886.0,0.0]","[16.6030006409,16.6030006409,0.0,16.6030006409,16.6030006409,0.0320549830794,-81.7646484375,20886.0,0.0]","[23.3989736222,26.6010263778]","[0.467979472444,0.532020527556]",1.0
79,17.91200065612793,17.91200065612793,0.0,17.91200065612793,17.91200065612793,1.0,791.0,0.36249077320098877,-7.748081207275391,22700.0,8.912392616271973,"[17.9120006561,17.9120006561,0.0,17.9120006561,17.9120006561,0.362490773201,-7.74808120728,22700.0,8.91239261627]","[17.9120006561,17.9120006561,0.0,17.9120006561,17.9120006561,0.362490773201,-7.74808120728,22700.0,8.91239261627]","[23.3989736222,26.6010263778]","[0.467979472444,0.532020527556]",1.0
80,18.0939998626709,18.0939998626709,0.0,18.0939998626709,18.0939998626709,1.0,796.0,0.2618939280509949,-14.48173999786377,23060.0,62.40923309326172,"[18.0939998627,18.0939998627,0.0,18.0939998627,18.0939998627,0.261893928051,-14.4817399979,23060.0,62.4092330933]","[18.0939998627,18.0939998627,0.0,18.0939998627,18.0939998627,0.261893928051,-14.4817399979,23060.0,62.4092330933]","[23.3989736222,26.6010263778]","[0.467979472444,0.532020527556]",1.0
81,19.344999313354492,19.344999313354492,50.0,19.344999313354492,19.344999313354492,0.0,804.0,0.46024346351623535,47.01544189453125,22020.0,22.44705581665039,"[19.3449993134,19.3449993134,50.0,19.3449993134,19.3449993134,0.460243463516,47.0154418945,22020.0,22.4470558167]","[19.3449993134,19.3449993134,50.0,19.3449993134,19.3449993134,0.460243463516,47.0154418945,22020.0,22.4470558167]","[29.1979372245,20.8020627755]","[0.583958744491,0.416041255509]",0.0
82,16.80299949645996,16.80299949645996,0.0,16.80299949645996,16.80299949645996,1.0,824.0,-0.4214378297328949,-30.696876525878906,19551.0,55.64665222167969,"[16.8029994965,16.8029994965,0.0,16.8029994965,16.8029994965,-0.421437829733,-30.6968765259,19551.0,55.6466522217]","[16.8029994965,16.8029994965,0.0,16.8029994965,16.8029994965,-0.421437829733,-30.6968765259,19551.0,55.6466522217]","[23.3989736222,26.6010263778]","[0.467979472444,0.532020527556]",1.0
83,16.93199920654297,16.93199920654297,0.0,16.93199920654297,16.93199920654297,0.0,830.0,-0.3676515817642212,21.056352615356445,19551.0,95.03433990478516,"[16.9319992065,16.9319992065,0.0,16.9319992065,16.9319992065,-0.367651581764,21.0563526154,19551.0,95.0343399048]","[16.9319992065,16.9319992065,0.0,16.9319992065,16.9319992065,-0.367651581764,21.0563526154,19551.0,95.0343399048]","[23.3989736222,26.6010263778]","[0.467979472444,0.532020527556]",1.0
84,15.347000122070312,15.347000122070312,0.0,15.347000122070312,15.347000122070312,0.0,837.0,-0.57187819480896,-81.42469787597656,18929.0,35.00003433227539,"[15.3470001221,15.3470001221,0.0,15.3470001221,15.3470001221,-0.571878194809,-81.424697876,18929.0,35.0000343323]","[15.3470001221,15.3470001221,0.0,15.3470001221,15.3470001221,-0.571878194809,-81.424697876,18929.0,35.0000343323]","[23.3989736222,26.6010263778]","[0.467979472444,0.532020527556]",1.0
85,15.869000434875488,15.869000434875488,0.0,15.869000434875488,15.869000434875488,1.0,873.0,0.1233883798122406,103.6827163696289,21231.0,88.59660339355469,"[15.8690004349,15.8690004349,0.0,15.8690004349,15.8690004349,0.123388379812,103.68271637,21231.0,88.5966033936]","[15.8690004349,15.8690004349,0.0,15.8690004349,15.8690004349,0.123388379812,103.68271637,21231.0,88.5966033936]","[23.3989736222,26.6010263778]","[0.467979472444,0.532020527556]",1.0
86,15.272000312805176,15.272000312805176,0.0,15.272000312805176,15.272000312805176,1.0,895.0,-0.13488611578941345,89.93437957763672,19933.0,82.10721588134766,"[15.2720003128,15.2720003128,0.0,15.2720003128,15.2720003128,-0.134886115789,89.9343795776,19933.0,82.1072158813]","[15.2720003128,15.2720003128,0.0,15.2720003128,15.2720003128,-0.134886115789,89.9343795776,19933.0,82.1072158813]","[23.3989736222,26.6010263778]","[0.467979472444,0.532020527556]",1.0
87,14.65999984741211,14.65999984741211,0.0,14.65999984741211,14.65999984741211,0.0,904.0,-0.06023078411817551,-61.516014099121094,20133.0,23.442068099975586,"[14.6599998474,14.6599998474,0.0,14.6599998474,14.6599998474,-0.0602307841182,-61.5160140991,20133.0,23.4420681]","[14.6599998474,14.6599998474,0.0,14.6599998474,14.6599998474,-0.0602307841182,-61.5160140991,20133.0,23.4420681]","[23.3989736222,26.6010263778]","[0.467979472444,0.532020527556]",1.0
88,13.704999923706055,13.720000267028809,100.0,13.704999923706055,13.720000267028809,0.0,921.0,-0.2634356617927551,-95.9025650024414,19533.0,6.249758720397949,"[13.7049999237,13.720000267,100.0,13.7049999237,13.720000267,-0.263435661793,-95.9025650024,19533.0,6.2497587204]","[13.7049999237,13.720000267,100.0,13.7049999237,13.720000267,-0.263435661793,-95.9025650024,19533.0,6.2497587204]","[24.4685928992,25.5314071008]","[0.489371857983,0.510628142017]",1.0
89,13.12600040435791,13.12600040435791,0.0,13.12600040435791,13.12600040435791,1.0,924.0,-0.3664708137512207,-113.50468444824219,19533.0,12.30965805053711,"[13.1260004044,13.1260004044,0.0,13.1260004044,13.1260004044,-0.366470813751,-113.504684448,19533.0,12.3096580505]","[13.1260004044,13.1260004044,0.0,13.1260004044,13.1260004044,-0.366470813751,-113.504684448,19533.0,12.3096580505]","[23.3989736222,26.6010263778]","[0.467979472444,0.532020527556]",1.0
90,16.26099967956543,16.26099967956543,0.0,16.26099967956543,16.26099967956543,1.0,965.0,0.48407259583473206,50.701988220214844,19401.0,50.41419982910156,"[16.2609996796,16.2609996796,0.0,16.2609996796,16.2609996796,0.484072595835,50.7019882202,19401.0,50.4141998291]","[16.2609996796,16.2609996796,0.0,16.2609996796,16.2609996796,0.484072595835,50.7019882202,19401.0,50.4141998291]","[23.3989736222,26.6010263778]","[0.467979472444,0.532020527556]",1.0
91,16.472999572753906,16.472999572753906,0.0,16.472999572753906,16.472999572753906,0.0,969.0,0.4335482120513916,61.91497802734375,19401.0,63.494590759277344,"[16.4729995728,16.4729995728,0.0,16.4729995728,16.4729995728,0.433548212051,61.9149780273,19401.0,63.4945907593]","[16.4729995728,16.4729995728,0.0,16.4729995728,16.4729995728,0.433548212051,61.9149780273,19401.0,63.4945907593]","[23.3989736222,26.6010263778]","[0.467979472444,0.532020527556]",1.0
92,14.913000106811523,15.550000190734863,0.0,14.913000106811523,15.550000190734863,1.0,989.0,-0.24031779170036316,99.80858612060547,19271.0,87.531005859375,"[14.9130001068,15.5500001907,0.0,14.9130001068,15.5500001907,-0.2403177917,99.8085861206,19271.0,87.5310058594]","[14.9130001068,15.5500001907,0.0,14.9130001068,15.5500001907,-0.2403177917,99.8085861206,19271.0,87.5310058594]","[23.3989736222,26.6010263778]","[0.467979472444,0.532020527556]",1.0
93,14.97599983215332,14.97599983215332,0.0,14.97599983215332,14.97599983215332,1.0,999.0,-0.07786757498979568,9.870073318481445,19071.0,14.736810684204102,"[14.9759998322,14.9759998322,0.0,14.9759998322,14.9759998322,-0.0778675749898,9.87007331848,19071.0,14.7368106842]","[14.9759998322,14.9759998322,0.0,14.9759998322,14.9759998322,-0.0778675749898,9.87007331848,19071.0,14.7368106842]","[23.3989736222,26.6010263778]","[0.467979472444,0.532020527556]",1.0
94,15.005999565124512,15.005999565124512,0.0,15.005999565124512,15.005999565124512,0.0,1003.0,-0.0322120375931263,-8.34288215637207,19071.0,48.997093200683594,"[15.0059995651,15.0059995651,0.0,15.0059995651,15.0059995651,-0.0322120375931,-8.34288215637,19071.0,48.9970932007]","[15.0059995651,15.0059995651,0.0,15.0059995651,15.0059995651,-0.0322120375931,-8.34288215637,19071.0,48.9970932007]","[23.3989736222,26.6010263778]","[0.467979472444,0.532020527556]",1.0
95,15.309000015258789,15.309000015258789,0.0,15.309000015258789,15.309000015258789,0.0,1006.0,-0.013288730755448341,96.00391387939453,19071.0,73.85832977294922,"[15.3090000153,15.3090000153,0.0,15.3090000153,15.3090000153,-0.0132887307554,96.0039138794,19071.0,73.8583297729]","[15.3090000153,15.3090000153,0.0,15.3090000153,15.3090000153,-0.0132887307554,96.0039138794,19071.0,73.8583297729]","[23.3989736222,26.6010263778]","[0.467979472444,0.532020527556]",1.0
96,14.949999809265137,14.949999809265137,0.0,14.949999809265137,14.949999809265137,1.0,1010.0,-0.031253259629011154,-35.05900955200195,19071.0,100.0,"[14.9499998093,14.9499998093,0.0,14.9499998093,14.9499998093,-0.031253259629,-35.059009552,19071.0,100.0]","[14.9499998093,14.9499998093,0.0,14.9499998093,14.9499998093,-0.031253259629,-35.059009552,19071.0,100.0]","[23.3989736222,26.6010263778]","[0.467979472444,0.532020527556]",1.0
97,14.949999809265137,14.949999809265137,0.0,14.949999809265137,14.949999809265137,1.0,1013.0,-0.03319655358791351,-27.01064682006836,19071.0,,"[14.9499998093,14.9499998093,0.0,14.9499998093,14.9499998093,-0.0331965535879,-27.0106468201,19071.0,nan]","[14.9499998093,14.9499998093,0.0,14.9499998093,14.9499998093,-0.0331965535879,-27.0106468201,19071.0,nan]","[23.3989736222,26.6010263778]","[0.467979472444,0.532020527556]",1.0
98,14.998000144958496,14.998000144958496,0.0,14.998000144958496,14.998000144958496,1.0,1020.0,-0.0026409337297081947,-2.2611305713653564,19071.0,8.743218421936035,"[14.998000145,14.998000145,0.0,14.998000145,14.998000145,-0.00264093372971,-2.26113057137,19071.0,8.74321842194]","[14.998000145,14.998000145,0.0,14.998000145,14.998000145,-0.00264093372971,-2.26113057137,19071.0,8.74321842194]","[23.3989736222,26.6010263778]","[0.467979472444,0.532020527556]",1.0
99,14.680000305175781,14.680000305175781,0.0,14.680000305175781,14.680000305175781,1.0,1050.0,-0.01911025121808052,99.0641098022461,18571.0,100.0,"[14.6800003052,14.6800003052,0.0,14.6800003052,14.6800003052,-0.0191102512181,99.0641098022,18571.0,100.0]","[14.6800003052,14.6800003052,0.0,14.6800003052,14.6800003052,-0.0191102512181,99.0641098022,18571.0,100.0]","[23.3989736222,26.6010263778]","[0.467979472444,0.532020527556]",1.0
100,14.600000381469727,14.600000381469727,0.0,14.600000381469727,14.600000381469727,1.0,1056.0,0.13318945467472076,19.929243087768555,18587.0,44.479652404785156,"[14.6000003815,14.6000003815,0.0,14.6000003815,14.6000003815,0.133189454675,19.9292430878,18587.0,44.4796524048]","[14.6000003815,14.6000003815,0.0,14.6000003815,14.6000003815,0.133189454675,19.9292430878,18587.0,44.4796524048]","[23.3989736222,26.6010263778]","[0.467979472444,0.532020527556]",1.0
101,14.600000381469727,14.600000381469727,0.0,14.600000381469727,14.600000381469727,1.0,1060.0,0.08663571625947952,-18.61055564880371,18587.0,50.0,"[14.6000003815,14.6000003815,0.0,14.6000003815,14.6000003815,0.0866357162595,-18.6105556488,18587.0,50.0]","[14.6000003815,14.6000003815,0.0,14.6000003815,14.6000003815,0.0866357162595,-18.6105556488,18587.0,50.0]","[23.3989736222,26.6010263778]","[0.467979472444,0.532020527556]",1.0
102,15.428999900817871,15.428999900817871,0.0,15.428999900817871,15.428999900817871,0.0,1101.0,0.17941215634346008,52.26173782348633,18587.0,100.0,"[15.4289999008,15.4289999008,0.0,15.4289999008,15.4289999008,0.179412156343,52.2617378235,18587.0,100.0]","[15.4289999008,15.4289999008,0.0,15.4289999008,15.4289999008,0.179412156343,52.2617378235,18587.0,100.0]","[23.3989736222,26.6010263778]","[0.467979472444,0.532020527556]",1.0
103,16.194000244140625,16.849000930786133,70.0,16.194000244140625,16.849000930786133,0.0,1105.0,0.32046449184417725,182.41444396972656,18657.0,100.0,"[16.1940002441,16.8490009308,70.0,16.1940002441,16.8490009308,0.320464491844,182.41444397,18657.0,100.0]","[16.1940002441,16.8490009308,70.0,16.1940002441,16.8490009308,0.320464491844,182.41444397,18657.0,100.0]","[29.0598436134,20.9401563866]","[0.581196872268,0.418803127732]",0.0
104,16.20400047302246,16.20400047302246,0.0,16.20400047302246,16.20400047302246,0.0,1114.0,0.40626007318496704,-19.521099090576172,21632.0,35.377601623535156,"[16.204000473,16.204000473,0.0,16.204000473,16.204000473,0.406260073185,-19.5210990906,21632.0,35.3776016235]","[16.204000473,16.204000473,0.0,16.204000473,16.204000473,0.406260073185,-19.5210990906,21632.0,35.3776016235]","[23.3989736222,26.6010263778]","[0.467979472444,0.532020527556]",1.0
105,16.39699935913086,16.39699935913086,0.0,16.39699935913086,16.39699935913086,1.0,1130.0,0.23190434277057648,9.171830177307129,21732.0,47.455509185791016,"[16.3969993591,16.3969993591,0.0,16.3969993591,16.3969993591,0.231904342771,9.17183017731,21732.0,47.4555091858]","[16.3969993591,16.3969993591,0.0,16.3969993591,16.3969993591,0.231904342771,9.17183017731,21732.0,47.4555091858]","[23.3989736222,26.6010263778]","[0.467979472444,0.532020527556]",1.0
106,16.110000610351562,16.110000610351562,0.0,16.110000610351562,16.110000610351562,1.0,1132.0,0.21338902413845062,-28.84964942932129,21757.0,26.152341842651367,"[16.1100006104,16.1100006104,0.0,16.1100006104,16.1100006104,0.213389024138,-28.8496494293,21757.0,26.1523418427]","[16.1100006104,16.1100006104,0.0,16.1100006104,16.1100006104,0.213389024138,-28.8496494293,21757.0,26.1523418427]","[23.3989736222,26.6010263778]","[0.467979472444,0.532020527556]",1.0
107,17.200000762939453,18.054000854492188,166.0,17.200000762939453,17.798999786376953,0.0,1134.0,0.29491743445396423,98.3091812133789,21923.0,55.61408996582031,"[17.2000007629,18.0540008545,166.0,17.2000007629,17.7989997864,0.294917434454,98.3091812134,21923.0,55.6140899658]","[17.2000007629,18.0540008545,166.0,17.2000007629,17.7989997864,0.294917434454,98.3091812134,21923.0,55.6140899658]","[28.8406763834,21.1593236166]","[0.576813527667,0.423186472333]",0.0
108,17.39900016784668,17.39900016784668,0.0,17.39900016784668,17.39900016784668,1.0,1135.0,0.3115586042404175,64.12132263183594,21923.0,80.85208892822266,"[17.3990001678,17.3990001678,0.0,17.3990001678,17.3990001678,0.31155860424,64.1213226318,21923.0,80.8520889282]","[17.3990001678,17.3990001678,0.0,17.3990001678,17.3990001678,0.31155860424,64.1213226318,21923.0,80.8520889282]","[23.3989736222,26.6010263778]","[0.467979472444,0.532020527556]",1.0
109,17.95400047302246,17.95400047302246,0.0,17.95400047302246,17.95400047302246,1.0,1141.0,0.416128545999527,60.482601165771484,21923.0,73.24114990234375,"[17.954000473,17.954000473,0.0,17.954000473,17.954000473,0.416128546,60.4826011658,21923.0,73.2411499023]","[17.954000473,17.954000473,0.0,17.954000473,17.954000473,0.416128546,60.4826011658,21923.0,73.2411499023]","[23.3989736222,26.6010263778]","[0.467979472444,0.532020527556]",1.0
110,19.70400047302246,19.70400047302246,0.0,19.70400047302246,19.70400047302246,1.0,1156.0,0.4845126271247864,142.55731201171875,21938.0,100.0,"[19.704000473,19.704000473,0.0,19.704000473,19.704000473,0.484512627125,142.557312012,21938.0,100.0]","[19.704000473,19.704000473,0.0,19.704000473,19.704000473,0.484512627125,142.557312012,21938.0,100.0]","[23.3989736222,26.6010263778]","[0.467979472444,0.532020527556]",1.0
111,18.093000411987305,18.093000411987305,0.0,18.093000411987305,18.093000411987305,0.0,1169.0,-0.008408204652369022,-78.00975036621094,22828.0,48.94744873046875,"[18.093000412,18.093000412,0.0,18.093000412,18.093000412,-0.00840820465237,-78.0097503662,22828.0,48.9474487305]","[18.093000412,18.093000412,0.0,18.093000412,18.093000412,-0.00840820465237,-78.0097503662,22828.0,48.9474487305]","[23.3989736222,26.6010263778]","[0.467979472444,0.532020527556]",1.0
112,18.711999893188477,18.711999893188477,0.0,18.711999893188477,18.711999893188477,0.0,1178.0,0.00681516295298934,83.48877716064453,22828.0,81.22265625,"[18.7119998932,18.7119998932,0.0,18.7119998932,18.7119998932,0.00681516295299,83.4887771606,22828.0,81.22265625]","[18.7119998932,18.7119998932,0.0,18.7119998932,18.7119998932,0.00681516295299,83.4887771606,22828.0,81.22265625]","[23.3989736222,26.6010263778]","[0.467979472444,0.532020527556]",1.0
113,19.332000732421875,19.332000732421875,0.0,19.332000732421875,19.332000732421875,1.0,1180.0,0.08031848818063736,154.56166076660156,22828.0,71.87499237060547,"[19.3320007324,19.3320007324,0.0,19.3320007324,19.3320007324,0.0803184881806,154.561660767,22828.0,71.8749923706]","[19.3320007324,19.3320007324,0.0,19.3320007324,19.3320007324,0.0803184881806,154.561660767,22828.0,71.8749923706]","[23.3989736222,26.6010263778]","[0.467979472444,0.532020527556]",1.0
114,20.0,20.0,0.0,20.0,20.0,0.0,1181.0,0.1773998737335205,167.93540954589844,22828.0,92.36846160888672,"[20.0,20.0,0.0,20.0,20.0,0.177399873734,167.935409546,22828.0,92.3684616089]","[20.0,20.0,0.0,20.0,20.0,0.177399873734,167.935409546,22828.0,92.3684616089]","[23.3989736222,26.6010263778]","[0.467979472444,0.532020527556]",1.0
115,21.433000564575195,21.433000564575195,0.0,21.433000564575195,21.433000564575195,1.0,1196.0,0.6712165474891663,33.5476188659668,22875.0,3.0222575664520264,"[21.4330005646,21.4330005646,0.0,21.4330005646,21.4330005646,0.671216547489,33.547618866,22875.0,3.02225756645]","[21.4330005646,21.4330005646,0.0,21.4330005646,21.4330005646,0.671216547489,33.547618866,22875.0,3.02225756645]","[23.3989736222,26.6010263778]","[0.467979472444,0.532020527556]",1.0
116,21.993999481201172,21.993999481201172,275.0,21.993999481201172,21.993999481201172,1.0,1201.0,0.6184516549110413,63.77106857299805,23150.0,63.53056716918945,"[21.9939994812,21.9939994812,275.0,21.9939994812,21.9939994812,0.618451654911,63.771068573,23150.0,63.5305671692]","[21.9939994812,21.9939994812,275.0,21.9939994812,21.9939994812,0.618451654911,63.771068573,23150.0,63.5305671692]","[29.8825413578,20.1174586422]","[0.597650827156,0.402349172844]",0.0
117,23.843000411987305,23.843000411987305,0.0,23.843000411987305,23.843000411987305,0.0,1220.0,0.545596182346344,16.236255645751953,23652.0,21.33827781677246,"[23.843000412,23.843000412,0.0,23.843000412,23.843000412,0.545596182346,16.2362556458,23652.0,21.3382778168]","[23.843000412,23.843000412,0.0,23.843000412,23.843000412,0.545596182346,16.2362556458,23652.0,21.3382778168]","[23.3989736222,26.6010263778]","[0.467979472444,0.532020527556]",1.0
118,26.781999588012695,26.781999588012695,0.0,26.781999588012695,26.781999588012695,1.0,1236.0,1.095349669456482,8.027631759643555,23847.0,40.210350036621094,"[26.781999588,26.781999588,0.0,26.781999588,26.781999588,1.09534966946,8.02763175964,23847.0,40.2103500366]","[26.781999588,26.781999588,0.0,26.781999588,26.781999588,1.09534966946,8.02763175964,23847.0,40.2103500366]","[23.3989736222,26.6010263778]","[0.467979472444,0.532020527556]",1.0
119,25.04199981689453,26.35700035095215,200.0,25.04199981689453,26.35700035095215,0.0,1247.0,0.17910687625408173,-58.3411979675293,24340.0,45.508827209472656,"[25.0419998169,26.357000351,200.0,25.0419998169,26.357000351,0.179106876254,-58.3411979675,24340.0,45.5088272095]","[25.0419998169,26.357000351,200.0,25.0419998169,26.357000351,0.179106876254,-58.3411979675,24340.0,45.5088272095]","[29.8825413578,20.1174586422]","[0.597650827156,0.402349172844]",0.0
120,24.992000579833984,24.992000579833984,0.0,24.992000579833984,24.992000579833984,1.0,1251.0,-0.13628113269805908,-74.94799041748047,24340.0,1.9399807453155518,"[24.9920005798,24.9920005798,0.0,24.9920005798,24.9920005798,-0.136281132698,-74.9479904175,24340.0,1.93998074532]","[24.9920005798,24.9920005798,0.0,24.9920005798,24.9920005798,-0.136281132698,-74.9479904175,24340.0,1.93998074532]","[23.3989736222,26.6010263778]","[0.467979472444,0.532020527556]",1.0
121,25.749000549316406,25.749000549316406,0.0,25.749000549316406,25.749000549316406,0.0,1252.0,-0.13200195133686066,-21.094135284423828,24340.0,64.10691833496094,"[25.7490005493,25.7490005493,0.0,25.7490005493,25.7490005493,-0.132001951337,-21.0941352844,24340.0,64.106918335]","[25.7490005493,25.7490005493,0.0,25.7490005493,25.7490005493,-0.132001951337,-21.0941352844,24340.0,64.106918335]","[23.3989736222,26.6010263778]","[0.467979472444,0.532020527556]",1.0
122,26.263999938964844,26.263999938964844,0.0,26.263999938964844,26.263999938964844,0.0,1281.0,0.04208275303244591,-57.53477478027344,24590.0,47.24040603637695,"[26.263999939,26.263999939,0.0,26.263999939,26.263999939,0.0420827530324,-57.5347747803,24590.0,47.2404060364]","[26.263999939,26.263999939,0.0,26.263999939,26.263999939,0.0420827530324,-57.5347747803,24590.0,47.2404060364]","[23.3989736222,26.6010263778]","[0.467979472444,0.532020527556]",1.0
123,27.636999130249023,27.636999130249023,0.0,27.636999130249023,27.636999130249023,0.0,1321.0,0.5253554582595825,96.06991577148438,24814.0,66.96953582763672,"[27.6369991302,27.6369991302,0.0,27.6369991302,27.6369991302,0.52535545826,96.0699157715,24814.0,66.9695358276]","[27.6369991302,27.6369991302,0.0,27.6369991302,27.6369991302,0.52535545826,96.0699157715,24814.0,66.9695358276]","[23.3989736222,26.6010263778]","[0.467979472444,0.532020527556]",1.0
124,27.33099937438965,27.33099937438965,0.0,27.33099937438965,27.33099937438965,1.0,1322.0,0.5528715252876282,69.59344482421875,24814.0,20.354646682739258,"[27.3309993744,27.3309993744,0.0,27.3309993744,27.3309993744,0.552871525288,69.5934448242,24814.0,20.3546466827]","[27.3309993744,27.3309993744,0.0,27.3309993744,27.3309993744,0.552871525288,69.5934448242,24814.0,20.3546466827]","[23.3989736222,26.6010263778]","[0.467979472444,0.532020527556]",1.0
125,28.93400001525879,28.93400001525879,0.0,28.93400001525879,28.93400001525879,1.0,1333.0,0.842219889163971,63.34486770629883,24543.0,43.35201644897461,"[28.9340000153,28.9340000153,0.0,28.9340000153,28.9340000153,0.842219889164,63.3448677063,24543.0,43.352016449]","[28.9340000153,28.9340000153,0.0,28.9340000153,28.9340000153,0.842219889164,63.3448677063,24543.0,43.352016449]","[23.3989736222,26.6010263778]","[0.467979472444,0.532020527556]",1.0
126,28.222999572753906,28.222999572753906,0.0,28.222999572753906,28.222999572753906,0.0,1340.0,0.3900083601474762,-29.74376678466797,24143.0,68.12701416015625,"[28.2229995728,28.2229995728,0.0,28.2229995728,28.2229995728,0.390008360147,-29.7437667847,24143.0,68.1270141602]","[28.2229995728,28.2229995728,0.0,28.2229995728,28.2229995728,0.390008360147,-29.7437667847,24143.0,68.1270141602]","[23.3989736222,26.6010263778]","[0.467979472444,0.532020527556]",1.0
127,30.989999771118164,30.989999771118164,0.0,30.989999771118164,30.989999771118164,0.0,1350.0,0.6606798768043518,128.24240112304688,24083.0,96.89495086669922,"[30.9899997711,30.9899997711,0.0,30.9899997711,30.9899997711,0.660679876804,128.242401123,24083.0,96.8949508667]","[30.9899997711,30.9899997711,0.0,30.9899997711,30.9899997711,0.660679876804,128.242401123,24083.0,96.8949508667]","[23.3989736222,26.6010263778]","[0.467979472444,0.532020527556]",1.0
128,28.8799991607666,28.8799991607666,0.0,28.8799991607666,28.8799991607666,0.0,1358.0,0.3072417974472046,-73.4006118774414,24177.0,48.66140365600586,"[28.8799991608,28.8799991608,0.0,28.8799991608,28.8799991608,0.307241797447,-73.4006118774,24177.0,48.661403656]","[28.8799991608,28.8799991608,0.0,28.8799991608,28.8799991608,0.307241797447,-73.4006118774,24177.0,48.661403656]","[23.3989736222,26.6010263778]","[0.467979472444,0.532020527556]",1.0
